uq_map_name,dataset_name,mean,above_threshold_mean_0.3,above_threshold_mean_0.5,above_threshold_mean_0.7,above_threshold_mean_0.9,above_threshold_mean_0.95,above_quantile_mean_0.3,above_quantile_mean_0.5,above_quantile_mean_0.7,above_quantile_mean_0.9,above_quantile_mean_fg_ratio,patch_aggregation_10,patch_aggregation_20,patch_aggregation_40,patch_aggregation_80,patch_aggregation_100,"class_mean_w_equal_weights_configurable_{'include_background': False, 'ignore_index': 0}","class_mean_weighted_by_occurrence_configurable_{'include_background': False, 'ignore_index': 0}"
308,joint_noise_arctique_semantic_blood_cells_tta_pu_0_25,0.3442535898357164,0.500086610097099,0.649922897569207,0.819785023253863,1.049461864207958,1.088923260840075,0.46891616591205254,0.5384851198106896,0.6223011482052687,0.7626781635089708,0.6601841049706376,1.240908203125,0.8746536254882814,0.6344630432128907,0.5538447046279907,0.5338163017272949,0.7242735624709715,0.564019394175738
235,joint_noise_arctique_semantic_blood_cells_tta_pu_0_25,0.3923892140155658,0.5021480931132117,0.6478362015587413,0.8169482960564008,1.0236466147682883,1.0596311707427537,0.5069454106750613,0.56641116068749,0.646708829115092,0.7805911209417281,0.6621349851682883,1.1711083984375,0.8897146606445312,0.761676025390625,0.5982282304763794,0.5543400192260741,0.6875253642170835,0.5583496929670952
309,joint_noise_arctique_semantic_blood_cells_tta_pu_0_25,0.49824018732033437,0.558170541573171,0.6301741762505206,0.790032848973596,1.0297789095815566,1.065492680305595,0.5973304525306156,0.643855081005338,0.6974448891386237,0.7849942302450702,0.6679762530144789,1.2072216796875,0.879720458984375,0.7167239379882813,0.6551491737365722,0.638746435546875,0.7115014627260401,0.5513024007384689
254,joint_noise_arctique_semantic_blood_cells_tta_pu_0_25,0.37557214692787966,0.510007710243731,0.656179685077791,0.8364793174494929,1.0276184312700776,1.0623267230092126,0.4986135981412453,0.5641503331862823,0.6502885328755814,0.7951434899994768,0.6734060613914057,1.2464355468750004,0.9119924926757814,0.6229629516601562,0.5550093936920165,0.5490123168945312,0.7153118420692328,0.5573586600336705
312,joint_noise_arctique_semantic_blood_cells_tta_pu_0_25,0.5593795435015636,0.5804853603852368,0.6363753698461811,0.848608804535523,1.0463476847073823,1.084723809723286,0.634734702054327,0.6778181941342148,0.7431829368005741,0.8952876075946358,0.7532346642626558,1.418720703125,1.015758056640625,0.7918008422851562,0.6571056795120238,0.6391690185546876,0.7434241071380796,0.6311828756271609
207,joint_noise_arctique_semantic_blood_cells_tta_pu_0_25,0.40510752832051367,0.4879333823889874,0.660583632089711,0.8458155937043605,1.0533046037198392,1.0882502944766121,0.5055321929029666,0.5618650636186734,0.6467514635283639,0.8035252562271263,0.6832942689610892,1.2230419921875,0.9293865966796875,0.616846923828125,0.5617343139648437,0.5486881713867188,0.7576550219182876,0.5849788369378355
258,joint_noise_arctique_semantic_blood_cells_tta_pu_0_25,0.3910592216052464,0.5067529149853643,0.6509218037626147,0.8414218853392325,1.0595577873702158,1.0949177599884379,0.5098310359405055,0.5686178255966767,0.6498341471602505,0.7922885442479984,0.670886064904832,1.1535205078125,0.9088711547851563,0.6433453369140623,0.5632487678527831,0.5310556484222413,0.7232056852707236,0.5631011986082822
260,joint_noise_arctique_semantic_blood_cells_tta_pu_0_25,0.4568637744014268,0.49097137128767443,0.6721582641640097,0.8528316655723425,1.0243829320199824,1.0618230031838316,0.5295944196413374,0.5853482385938868,0.6733586436180781,0.8390502999153515,0.7010095064779746,1.1218017578125004,0.8386981201171875,0.6204467391967774,0.5162087440490722,0.5000634765625,0.645118165822616,0.5725491914589064
238,joint_noise_arctique_semantic_blood_cells_tta_pu_0_25,0.46329395262000617,0.557157234927041,0.6439832530808787,0.8391325807044036,1.041116692636614,1.0760949911901283,0.5843439380305341,0.6395058341688725,0.7058036307978436,0.8297168043126428,0.7012066290482738,1.2547802734375006,0.8899441528320312,0.6842808532714844,0.6144578933715821,0.5859511966705323,0.7244721743799305,0.5876988755295506
305,joint_noise_arctique_semantic_blood_cells_tta_pu_0_25,0.45993405012995936,0.5857287769621168,0.6500479170112434,0.8347638901954663,1.0497618252524208,1.0865404862914194,0.6029358234349719,0.6601973011000637,0.7232813173927108,0.8546557670243338,0.7507516719625499,1.3728515625000002,1.01881103515625,0.7307839965820311,0.6637801647186278,0.6588425491333009,0.7322341986751467,0.6391560082020467
302,joint_noise_arctique_semantic_blood_cells_tta_pu_0_25,0.4001976376166567,0.5406265700820454,0.664248655324502,0.8358717387164349,1.0518124205700798,1.0861640444988478,0.5377389078525532,0.60505449605015,0.6910218393758732,0.8358717387164349,0.6989822466263659,1.18814453125,0.9438348388671876,0.7446710968017578,0.6142889595031739,0.5960332641601563,0.8290171521065244,0.6107798679963884
226,joint_noise_arctique_semantic_blood_cells_tta_pu_0_25,0.5073629324469948,0.560950379515865,0.6545934796913422,0.8775926771011341,1.0559229927453961,1.086489548575462,0.6059777135128913,0.6592802933891925,0.7375851768131318,0.9153591391560033,0.749047755894538,1.21505859375,0.9458236694335938,0.697930908203125,0.623028221130371,0.6046972473144532,0.7066089521383618,0.6361751783954915
233,joint_noise_arctique_semantic_blood_cells_tta_pu_0_25,0.5635985124354193,0.5969075416861539,0.6368359638790781,0.8042996419919659,1.0329019669391193,1.0726910939364558,0.6444734407528165,0.6811264248128959,0.7265768499389846,0.8281380733247129,0.7053487313036172,1.1898095703125,0.877734375,0.7612521362304687,0.6650777810811996,0.656304806137085,0.7600259674415893,0.579349270605306
202,joint_noise_arctique_semantic_blood_cells_tta_pu_0_25,0.3906328240846051,0.5025123712940119,0.6597618255228425,0.854119985755282,1.051891560624552,1.0849800058196952,0.5073128586395256,0.5644080707455685,0.6467705230495749,0.8020933596423683,0.6836129708377726,1.15844482421875,0.8749346923828125,0.64091796875,0.5347697448730471,0.5192445381164552,0.7302281638834982,0.5625613566339264
306,joint_noise_arctique_semantic_blood_cells_tta_pu_0_25,0.41486929277016316,0.5277719887487079,0.6641210998146638,0.8480465217385589,1.0495825690548122,1.0850111354801126,0.538622709228332,0.6005397130601233,0.6861244740230751,0.8338879060034681,0.6825341003257183,1.2191796875,0.8964093017578122,0.7280872344970701,0.5969542503356934,0.5648040298461914,0.7156393055511141,0.5657268675210819
219,joint_noise_arctique_semantic_blood_cells_tta_pu_0_25,0.4847375380122685,0.5278407376508301,0.6539074019752633,0.8582594028491491,1.0427082164497308,1.0760239382091383,0.5696353266914684,0.6230245723766706,0.7007184191862458,0.853445259050911,0.6971462726043564,1.1821142578125,0.9521362304687503,0.69845947265625,0.5906282806396485,0.5771934894561769,0.6981869225042653,0.5843137218179457
261,joint_noise_arctique_semantic_blood_cells_tta_pu_0_25,0.35359290066116955,0.5193025927078632,0.6700834825875198,0.8769071424801781,1.0677754094481413,1.0991902494635193,0.48420129906217557,0.560130504505067,0.650146304362335,0.8142745967607419,0.6817513715115745,1.1975830078125003,0.9167993164062501,0.6879242706298827,0.5839691925048828,0.5619941162109375,0.775433863887804,0.5744512907835835
213,joint_noise_arctique_semantic_blood_cells_tta_pu_0_25,0.39152430815738626,0.5298930093850553,0.6650023755247099,0.8656617109504393,1.054619225316878,1.0903022448491928,0.5244059979584657,0.5907663317611583,0.6777879027932295,0.8363041759318338,0.6765850567253205,1.1814697265625,0.9199511718750002,0.7176963806152346,0.591923507452011,0.6028917137145997,0.6929523493371093,0.5611408212010045
215,joint_noise_arctique_semantic_blood_cells_tta_pu_0_25,0.3505258052609861,0.5362280312817036,0.6713175256362448,0.8684238569516695,1.067256277251624,1.100052866031098,0.4832345944928161,0.5726653489377306,0.6651950103731061,0.8312599710760633,0.7098046424904049,1.2479052734375,0.9955908203125002,0.7054493713378908,0.5933092594146728,0.5750571228027342,0.8125999439823313,0.6089783469602429
206,joint_noise_arctique_semantic_blood_cells_tta_pu_0_25,0.3067348847107496,0.514337834739599,0.666483482931873,0.8463152308477998,1.0579400523945646,1.0961341902947905,0.4226480787734801,0.5173575917857919,0.6170132423985144,0.7804346389799506,0.666093087363705,1.2461083984375,1.0177886962890623,0.7341593933105469,0.5520812797546387,0.538516458129883,0.704996350144544,0.5478506361331495
216,joint_noise_arctique_semantic_blood_cells_tta_pu_0_25,0.4373024794040248,0.5459527052985707,0.6445500163029864,0.8252678623034834,1.0319225788535984,1.071167430763473,0.5639621685169399,0.6244235575816364,0.6942222222222222,0.8155173101420465,0.6946074799191592,1.2475830078125,0.9027209472656252,0.7359750366210936,0.6191379511356354,0.6053448333740234,0.7124677416580797,0.5845763621512275
222,joint_noise_arctique_semantic_blood_cells_tta_pu_0_25,0.3447940015612403,0.4935712134372842,0.6796680052393267,0.8712939863445378,1.042842150314591,1.0756155872122668,0.47099573960101504,0.5350071852829826,0.6243191195442183,0.8143038824575488,0.743226759433451,1.11748046875,0.8888687133789064,0.6316368103027342,0.5422486114501952,0.5230313186645508,0.6808233758473942,0.630804820510362
220,joint_noise_arctique_semantic_blood_cells_tta_pu_0_25,0.30978467189561343,0.49027766650035093,0.6642314349825241,0.8386843096724415,1.0511213348089061,1.0879271798711574,0.42222792330714903,0.49572001481757016,0.5899296665648801,0.7581867298834972,0.6395015086439911,1.371953125,0.8947125244140625,0.7349472045898436,0.5580906867980957,0.5008522804260254,0.6203698411944142,0.5287787585007196
217,joint_noise_arctique_semantic_blood_cells_tta_pu_0_25,0.2915221122530056,0.4879366842495875,0.6536176944342034,0.8251050982558936,1.0428373613430344,1.0775072337962963,0.4002007725494701,0.48679164864217483,0.5771469417608581,0.7346830737998723,0.6240294022411695,1.140029296875,0.8785568237304687,0.5755587005615235,0.499861831665039,0.4756807315826417,0.6746501987219544,0.5113229341039407
259,joint_noise_arctique_semantic_blood_cells_tta_pu_0_25,0.4833828356640879,0.5616944796485785,0.6405767810016118,0.8296108346252393,1.0522793567165092,1.0907582147359343,0.5961627281139661,0.6479472812883179,0.7085322698449456,0.8229447727740407,0.7017540710508189,1.236201171875,0.9601452636718751,0.7628775024414063,0.6399318945407867,0.619476058959961,0.7667554005560779,0.5779597683953746
310,joint_noise_arctique_semantic_blood_cells_tta_pu_0_25,0.35196498010191135,0.5207024646981415,0.6485629993260126,0.8376304502347359,1.026373240573347,1.0610518292682927,0.47914012095589686,0.5570780761971923,0.6434036429379765,0.7730007658210455,0.6504483636611103,1.1438427734375,0.8764526367187502,0.6259635925292969,0.5728957939147948,0.5509713111877441,0.7039953407344888,0.5152945247343103
210,joint_noise_arctique_semantic_blood_cells_tta_pu_0_25,0.41128167420356476,0.512597497001223,0.6483785291066362,0.8173119247881631,1.0326329519738497,1.069085331199715,0.5251555841220207,0.5835703741048822,0.662442437239623,0.7844354467815298,0.6536574831224968,1.11833984375,0.8511529541015626,0.6178617206215857,0.5571424911916256,0.5284468530178071,0.7065798170381832,0.5281391279679599
256,joint_noise_arctique_semantic_blood_cells_tta_pu_0_25,0.3711448519861733,0.5105428233749884,0.650688974089954,0.8596057583664868,1.0457226134964428,1.0798852772990184,0.4966045751050413,0.5606964044977972,0.6392904212841855,0.7938766377933291,0.6858644028197458,1.2444140625,0.84814697265625,0.6322424316406251,0.5701154327392577,0.5494009742736817,0.7138076392617473,0.5498739559943614
253,joint_noise_arctique_semantic_blood_cells_tta_pu_0_25,0.36878444271860644,0.5551649033642401,0.6522203362871424,0.860210953199573,1.0572745988175676,1.0874350683926544,0.5081634947224414,0.5977570272252416,0.6801491980695024,0.8193675064501442,0.7157002324312561,1.2276611328125,0.935111083984375,0.7467333984375,0.6847387695312499,0.6456641014099122,0.7627765098680537,0.5798049139238519
230,joint_noise_arctique_semantic_blood_cells_tta_pu_0_25,0.45638487485121004,0.5418478136113162,0.6416237946657177,0.8255333056961159,1.0532432713691464,1.089681181880612,0.5675639384968931,0.622694603524557,0.6916999326114766,0.8080506121194933,0.6770954742235011,1.41638671875,1.0384979248046875,0.7479921722412108,0.5781625366210938,0.5673559387207031,0.7164359324806013,0.5615488408097739
221,joint_noise_arctique_semantic_blood_cells_tta_pu_0_25,0.3611308698018547,0.5185816708578443,0.6513308675546813,0.8514138215292736,1.0391393347559845,1.0688802843896028,0.48986304525954705,0.5625470303755842,0.6495301250303864,0.7921156376367745,0.6705941766692188,1.1361572265625,0.8767776489257816,0.6649772644042968,0.599347743988037,0.5791407699584961,0.6841134570550759,0.5401060540253181
304,joint_noise_arctique_semantic_blood_cells_tta_pu_0_25,0.40539460973013774,0.5420426446546233,0.6751291478845894,0.8530020303735396,1.038974165177033,1.075638383893393,0.5409059003858897,0.610741278491498,0.7028039216971003,0.8625299795782675,0.7143338078929341,1.40951171875,0.9414276123046875,0.7040838623046874,0.6090688705444336,0.5822761474609375,0.7208159053547836,0.6194120341821625
228,joint_noise_arctique_semantic_blood_cells_tta_pu_0_25,0.3916681834089104,0.5086043072541138,0.686258036448183,0.8851579426844507,1.0692007882254464,1.1004905149883846,0.5102670150696064,0.5732881149627334,0.6678170045966041,0.8527526181483702,0.7114947449999397,1.3155566406250003,0.9523291015625,0.7004208374023437,0.5632523250579832,0.5534427612304688,0.7792786983987674,0.6105714152314635
240,joint_noise_arctique_semantic_blood_cells_tta_pu_0_25,0.36496322198945563,0.4934884393235,0.6443783969260987,0.8211359006528831,1.040167407279163,1.0764765577670639,0.48171610783219787,0.5423332302223562,0.6231105997464316,0.755643521911947,0.6381050189666868,1.1437890625,0.8781173706054686,0.6411609649658203,0.5249485367536545,0.515137977218628,0.6138966930965568,0.5157744796803558
311,joint_noise_arctique_semantic_blood_cells_tta_pu_0_25,0.3710701925738249,0.5169259622025123,0.6562859943913317,0.8578128019544994,1.043498644331254,1.0747255078364697,0.5005418582168121,0.5677741841893743,0.6506475787274733,0.809533135801514,0.699423765252523,1.2876904296875,0.9189178466796875,0.6591967773437497,0.5861486244201658,0.5606221740722657,0.679009514367779,0.5719544145815418
303,joint_noise_arctique_semantic_blood_cells_tta_pu_0_25,0.4664341748430161,0.5497242718809618,0.637741094382268,0.8303735966000924,1.0483506903934106,1.086509725083944,0.5796365535516402,0.6334994211303456,0.6964406619309892,0.8055000289395378,0.6792113141518802,1.279375,0.937401123046875,0.7130364990234375,0.6125540399551391,0.6000591583251954,0.6859058700110174,0.5547506941912573
229,joint_noise_arctique_semantic_blood_cells_tta_pu_0_25,0.33389618320870795,0.48903006660526227,0.6456401219119998,0.8213226610472729,1.0370024971602134,1.0720604456768135,0.4498635835704073,0.5165220955571755,0.603832447882566,0.7395129345208031,0.6202203149484559,1.1676269531250003,0.8915740966796878,0.5924683380126953,0.4979357695579529,0.4746770828247071,0.6365413905641248,0.4859337446819489
239,joint_noise_arctique_semantic_blood_cells_tta_pu_0_25,0.384508813964203,0.5084598656242341,0.6636937424396518,0.8597070749996818,1.0522623829706477,1.0896804438652556,0.5037519203948658,0.5676046341742147,0.6541848817253769,0.8168827873770312,0.7093231023791693,1.3191162109375003,0.89910888671875,0.6680953216552733,0.5533788108825682,0.5370634155273437,0.6816734615675183,0.5879250430173335
224,joint_noise_arctique_semantic_blood_cells_tta_pu_0_25,0.40041602942801546,0.5228017986563919,0.6606438463832035,0.8650256570821885,1.052797278676185,1.0833843524639424,0.5235369711034888,0.5875390837239534,0.6725235527982752,0.8164999801660604,0.667384546177879,1.245849609375,0.9031164550781251,0.670987548828125,0.5775315284729001,0.5520698608398438,0.708476202243358,0.5362299142993914
205,joint_noise_arctique_semantic_blood_cells_tta_pu_0_25,0.37149887495615985,0.500549770630467,0.6401557332142706,0.8199146999707736,1.039803873987629,1.078129390602816,0.4897343358153106,0.5489305503476063,0.625260020295211,0.7491765814401159,0.6393994746147452,1.2029150390625,0.8678179931640625,0.5922384643554688,0.5277842807769776,0.5148665344238281,0.652723220319671,0.5062784319975766
231,joint_noise_arctique_semantic_blood_cells_tta_pu_0_25,0.33110708745152806,0.5206242575314072,0.6548500242581979,0.8443904095693059,1.0763733704407532,1.1100902499044343,0.45562214867747697,0.5468578597162794,0.633832164202748,0.7762587569514481,0.6519244708326956,1.3104345703125,0.8450634765624998,0.6642041015624999,0.5721475529670716,0.5492288284301758,0.7725709217378693,0.5307189569617642
211,joint_noise_arctique_semantic_blood_cells_tta_pu_0_25,0.37070590478833765,0.5336263747032235,0.658468750961716,0.8520335329462234,1.0679264716006447,1.1040289131044685,0.5078506575324294,0.5806280514925576,0.6635275248656726,0.819545540886438,0.7018988690553692,1.267822265625,0.9650933837890626,0.6956516265869138,0.5828232955932615,0.5601228912353516,0.754906114391773,0.6112086937393507
223,joint_noise_arctique_semantic_blood_cells_tta_pu_0_25,0.3341757849957503,0.4895658522547924,0.6555872684845826,0.8412193623233296,1.0465088816101213,1.0777692943196253,0.4449105374620416,0.5116802072593724,0.6029451291750836,0.7609336550315094,0.6515916485701412,1.222568359375,0.8495758056640625,0.5924786376953124,0.5078294563293457,0.48110680541992196,0.6230392061353343,0.5437330043753678
301,joint_noise_arctique_semantic_blood_cells_tta_pu_0_25,0.3582596352789551,0.46711083434499334,0.652997305110287,0.8309035038593737,1.0380389873798077,1.0718416624431368,0.4477574402036953,0.5036841131461903,0.5865830742037124,0.7455446472307298,0.6459236564712282,1.13603515625,0.8770950317382815,0.5710200500488279,0.5338051986694335,0.5219421142578125,0.6585066911853905,0.5315405638186733
227,joint_noise_arctique_semantic_blood_cells_tta_pu_0_25,0.3658491858514026,0.5273960937850253,0.676075393929465,0.8501822353075943,1.0544604974516603,1.0867282661881124,0.5014459026192631,0.5761538471336448,0.6687836396200665,0.8374128565834441,0.7250038510238731,1.181220703125,0.8734802246093749,0.6283451080322267,0.567717342376709,0.551523876953125,0.7932665888543536,0.6477913091585853
252,joint_noise_arctique_semantic_blood_cells_tta_pu_0_25,0.45686620217747986,0.5324876606451977,0.6672454763152094,0.8616374349095424,1.0594589811573312,1.093424300309066,0.5636321692119118,0.6197759331018448,0.7047675853893745,0.8748674333582905,0.7308426561173659,1.2548828125,0.9376129150390625,0.6698883056640625,0.615554084777832,0.5960519653320312,0.8261867919478283,0.6535311233887549
212,joint_noise_arctique_semantic_blood_cells_tta_pu_0_25,0.3829300385696115,0.5268978542072787,0.6491983477484868,0.850898799086161,1.0582688220439513,1.095668983646651,0.5149928484806519,0.5825867340136064,0.6637525253020944,0.7971727460604648,0.6783303933759811,1.3259619140625,0.9938433837890625,0.7722598266601562,0.6127678966522216,0.5844858306884767,0.7004516525645456,0.5534563883033564
204,joint_noise_arctique_semantic_blood_cells_tta_pu_0_25,0.5673038932145573,0.6103117348492209,0.6565415015646139,0.8326810622639547,1.0621219434952507,1.1034730255583072,0.6617669877517224,0.7070986119683911,0.7694427431741155,0.9195421895228078,0.7541145240783266,1.33693359375,0.9662243652343752,0.734909029006958,0.673928108215332,0.6672287841796875,0.8035751859836985,0.6441189977204862
232,joint_noise_arctique_semantic_blood_cells_tta_pu_0_25,0.3287188848553342,0.49408563687143653,0.6542289340046193,0.8347032346036832,1.0278226548861653,1.0615505851833977,0.44749928382933196,0.5184208859385601,0.6069599238277029,0.7533296669173075,0.6270352979485126,1.13955078125,0.8713128662109375,0.6203610229492188,0.5194718694686888,0.502539747619629,0.6920580844283979,0.5038385494984868
214,joint_noise_arctique_semantic_blood_cells_tta_pu_0_25,0.3423707771144109,0.5031234077452177,0.6484767273094388,0.8462665317246502,1.0501562640209978,1.0806813984444692,0.4680251449477279,0.539229201621824,0.622046900437778,0.7705132041750752,0.6609413785689272,1.1917968750000005,0.9042874145507814,0.6491638946533201,0.5931135845184324,0.5655892227172852,0.6775029570894474,0.5315053822388409
