Coverage,Equally-w. class avg. (Mean Risk),Equally-w. class avg. (Std Dev),Imbalance-w. class avg. (Mean Risk),Imbalance-w. class avg. (Std Dev),Mean (Mean Risk),Mean (Std Dev),Threshold 0.3 (Mean Risk),Threshold 0.3 (Std Dev),Threshold 0.5 (Mean Risk),Threshold 0.5 (Std Dev),Threshold 0.7 (Mean Risk),Threshold 0.7 (Std Dev),Quantile 0.6 (Mean Risk),Quantile 0.6 (Std Dev),Quantile 0.75 (Mean Risk),Quantile 0.75 (Std Dev),Quantile 0.9 (Mean Risk),Quantile 0.9 (Std Dev),Quantile fg. ratio (Mean Risk),Quantile fg. ratio (Std Dev),Patch 10 (Mean Risk),Patch 10 (Std Dev),Patch 20 (Mean Risk),Patch 20 (Std Dev),Patch 50 (Mean Risk),Patch 50 (Std Dev)
0.0,0.03424657881259918,0.03559008410493617,0.03424657881259918,0.03559008410493617,0.04586440324783325,0.046357535121961085,0.10634437735591616,0.11010473021843073,0.11143048005011268,0.047195191393029724,0.06812304652439144,0.045904399167369256,0.04586440324783325,0.046357535121961085,0.04586440324783325,0.046357535121961085,0.04586440324783325,0.046357535121961085,0.07195529341697693,0.02207954979634704,0.020547941327095032,0.03559007836947286,0.020547941327095032,0.03559007836947286,0.04586440324783325,0.046357535121961085
0.005988023952095809,0.03424657881259918,0.03559008410493617,0.03424657881259918,0.03559008410493617,0.04586440324783325,0.046357535121961085,0.10634437735591616,0.11010473021843073,0.11143048005011268,0.047195191393029724,0.06812304652439144,0.045904399167369256,0.04586440324783325,0.046357535121961085,0.04586440324783325,0.046357535121961085,0.04586440324783325,0.046357535121961085,0.07195529341697693,0.02207954979634704,0.020547941327095032,0.03559007836947286,0.020547941327095032,0.03559007836947286,0.04586440324783325,0.046357535121961085
0.011976047904191617,0.06257101148366928,0.01622381810868702,0.06257101148366928,0.01622381810868702,0.03959314525127411,0.009517622562435641,0.10804644014154162,0.04643754751329347,0.10574393616821952,0.0496809145773109,0.0783993194173434,0.03704650790256886,0.03959314525127411,0.009517622562435641,0.03959314525127411,0.009517622562435641,0.03959314525127411,0.009517622562435641,0.058664605021476746,0.020168440704187295,0.03959314525127411,0.009517622562435641,0.03959314525127411,0.009517622562435641,0.03959314525127411,0.009517622562435641
0.017964071856287425,0.05739441514015197,0.013130440766634782,0.05739441514015197,0.013130440766634782,0.06118579705556233,0.031255409329820676,0.10544624463433311,0.03749936407619211,0.09790774580544816,0.04833260342735313,0.0818574418297071,0.03858928219296644,0.06118579705556233,0.031255409329820676,0.06118579705556233,0.031255409329820676,0.06118579705556233,0.031255409329820676,0.0690352867046992,0.029775824091790495,0.06118579705556233,0.031255409329820676,0.06118579705556233,0.031255409329820676,0.06118579705556233,0.031255409329820676
0.023952095808383235,0.06655432656407356,0.012535055024454782,0.06655432656407356,0.012535055024454782,0.0698247142136097,0.02568674265102535,0.11629578630839076,0.05741499778312514,0.10272597791459746,0.038575126720093174,0.08241389961745925,0.029254383137475543,0.0698247142136097,0.02568674265102535,0.0698247142136097,0.02568674265102535,0.0698247142136097,0.02568674265102535,0.06450510025024414,0.035342594931326826,0.0698247142136097,0.02568674265102535,0.0698247142136097,0.02568674265102535,0.0698247142136097,0.02568674265102535
0.029940119760479042,0.07178248465061188,0.009418591159223832,0.07178248465061188,0.009418591159223832,0.06958664953708649,0.02578209461110117,0.11824257011924472,0.06320553303460838,0.09618262545969672,0.025836262108708746,0.08360751764681525,0.01725102897439871,0.06958664953708649,0.02578209461110117,0.06958664953708649,0.02578209461110117,0.06958664953708649,0.02578209461110117,0.06682648360729218,0.027864419364452584,0.06958664953708649,0.02578209461110117,0.06958664953708649,0.02578209461110117,0.06958664953708649,0.02578209461110117
0.03592814371257485,0.07666331032911937,0.005971382568173715,0.07666331032911937,0.005971382568173715,0.06477534274260204,0.018694298878553076,0.10869082595620837,0.04936411974599514,0.09485312945352581,0.013096504819060042,0.07845650759047852,0.0175064689174913,0.06477534274260204,0.018694298878553076,0.06477534274260204,0.018694298878553076,0.06477534274260204,0.018694298878553076,0.07166109730799992,0.01886016781897783,0.06271773080031078,0.01819242721389688,0.06477534274260204,0.018694298878553076,0.06477534274260204,0.018694298878553076
0.041916167664670656,0.07912294140883855,0.008197795526193279,0.07912294140883855,0.008197795526193279,0.06806772308690208,0.008225809874126156,0.11278238360370907,0.046067749469157454,0.10040492781137583,0.023373624021035665,0.08478152436436089,0.015282978080323325,0.06806772308690208,0.008225809874126156,0.06806772308690208,0.008225809874126156,0.06806772308690208,0.008225809874126156,0.06968097175870623,0.014494130971386937,0.06806772308690208,0.008225809874126156,0.06806772308690208,0.008225809874126156,0.06806772308690208,0.008225809874126156
0.04790419161676647,0.0756258312612772,0.0057569813590051064,0.0756258312612772,0.0057569813590051064,0.06493020616471767,0.012496453173330669,0.1166954484901258,0.04007354255671032,0.10535396719184108,0.033399370284083206,0.09681957298722453,0.02047239335201315,0.06493020616471767,0.012496453173330669,0.06493020616471767,0.012496453173330669,0.06493020616471767,0.012496453173330669,0.0669174063950777,0.008286594221671145,0.06493020616471767,0.012496453173330669,0.06493020616471767,0.012496453173330669,0.06493020616471767,0.012496453173330669
0.05389221556886228,0.07476212084293365,0.012728446449023234,0.07476212084293365,0.012728446449023234,0.07057762311564553,0.016737436781145414,0.12004998692917444,0.04538655389646551,0.10096596741053715,0.03242838809750488,0.09704359269844082,0.011992475456013096,0.07057762311564553,0.016737436781145414,0.07057762311564553,0.016737436781145414,0.07057762311564553,0.016737436781145414,0.0649329125881195,0.006505846672346731,0.07378368410799238,0.018256028480541687,0.07057762311564553,0.016737436781145414,0.07057762311564553,0.016737436781145414
0.059880239520958084,0.07657837569713592,0.0077035863091072295,0.07657837569713592,0.0077035863091072295,0.0750155732035637,0.016137571608838178,0.11615133519683564,0.04362457036623401,0.09867217885163015,0.028341333185846373,0.09819676624443716,0.011772536421093214,0.0750155732035637,0.016137571608838178,0.0750155732035637,0.016137571608838178,0.0750155732035637,0.016137571608838178,0.07456728219985963,0.007670781681557194,0.07691410034894944,0.014692871519053435,0.0721301183104515,0.019223107287504784,0.0750155732035637,0.016137571608838178
0.0658682634730539,0.08286790143359792,0.007830376596543722,0.08286790143359792,0.007830376596543722,0.0808610970323736,0.018773490353048105,0.11603901322398867,0.043843555751762936,0.09457868912343947,0.024941201457089585,0.09671441024340685,0.010637701980344041,0.0808610970323736,0.018773490353048105,0.0808610970323736,0.018773490353048105,0.0808610970323736,0.018773490353048105,0.07288975471800024,0.008069160745482066,0.08196436681530692,0.01775932840070459,0.08023843304677442,0.019405627509380925,0.0808610970323736,0.018773490353048105
0.0718562874251497,0.07953367133935293,0.007747146057759716,0.07953367133935293,0.007747146057759716,0.0866120308637619,0.016360792555690652,0.11634808690065429,0.03985628183744177,0.09330504781709698,0.0273741974652212,0.10353178179966,0.00963654274971726,0.0866120308637619,0.016360792555690652,0.0866120308637619,0.016360792555690652,0.0866120308637619,0.016360792555690652,0.07901795456806819,0.015277732899205684,0.08604125554362933,0.01669718476607264,0.08262537916501364,0.019652007765871452,0.0866120308637619,0.016360792555690652
0.07784431137724551,0.07593396764535171,0.007028596065162518,0.07593396764535171,0.007028596065162518,0.0846145233282676,0.021636672508432934,0.11484852965388981,0.03553248815863295,0.09877530669339622,0.017489089983317087,0.1049994116847222,0.014166701419313709,0.0846145233282676,0.021636672508432934,0.0846145233282676,0.021636672508432934,0.0846145233282676,0.021636672508432934,0.07990574951355275,0.012567508917333525,0.08511085120531228,0.02140853957276984,0.08511085120531228,0.02140853957276984,0.0846145233282676,0.021636672508432934
0.08383233532934131,0.07817902309553965,0.00818096816366338,0.07817902309553965,0.00818096816366338,0.0836211336510522,0.02066749745376504,0.11024284575666701,0.031337904785372114,0.09904077440066864,0.01916460040376209,0.1050945318553364,0.012207028918779467,0.0836211336510522,0.02066749745376504,0.0836211336510522,0.02066749745376504,0.0836211336510522,0.02066749745376504,0.07983030378818512,0.017803499255304004,0.08459960775715963,0.020020104678165642,0.08459960775715963,0.020020104678165642,0.0836211336510522,0.02066749745376504
0.08982035928143713,0.07529093424479166,0.009578963051846155,0.07529093424479166,0.009578963051846155,0.08457810978094736,0.018597099877335082,0.10743999914044425,0.030105337130348683,0.1010320851873019,0.01799762101508584,0.10377330180711136,0.009275780102393423,0.08457810978094736,0.018597099877335082,0.08457810978094736,0.018597099877335082,0.08457810978094736,0.018597099877335082,0.08007822434107463,0.01866242149722089,0.08706567188103993,0.016756402372802508,0.08457810978094736,0.018597099877335082,0.08457810978094736,0.018597099877335082
0.09580838323353294,0.07676010951399803,0.009775132394755972,0.07676010951399803,0.009775132394755972,0.08864414226263762,0.022002252571423964,0.10900180015180792,0.03157264709061402,0.10159189337697215,0.017863494702048253,0.10255272025075145,0.009737628222964007,0.08864414226263762,0.022002252571423964,0.08864414226263762,0.022002252571423964,0.08864414226263762,0.022002252571423964,0.0802299389615655,0.019049410665588077,0.08864414226263762,0.022002252571423964,0.08864414226263762,0.022002252571423964,0.08864414226263762,0.022002252571423964
0.10179640718562874,0.07345168204868541,0.010276463283551876,0.07345168204868541,0.010276463283551876,0.09134027098908143,0.02342553665917468,0.10675390333938999,0.03096923208331009,0.10245327724195695,0.016866031719050253,0.10257936473220702,0.009269539922689503,0.09134027098908143,0.02342553665917468,0.09134027098908143,0.02342553665917468,0.09134027098908143,0.02342553665917468,0.08080788920907413,0.017795544450532986,0.09134027098908143,0.02342553665917468,0.09134027098908143,0.02342553665917468,0.09134027098908143,0.02342553665917468
0.10778443113772455,0.07269713448153603,0.011753030304251112,0.07269713448153603,0.011753030304251112,0.09142345521185134,0.02028056944093919,0.10894642226279729,0.026210966404451492,0.10479027592513218,0.014166378495454343,0.10032813396758423,0.010221236933271139,0.09142345521185134,0.02028056944093919,0.09142345521185134,0.02028056944093919,0.09142345521185134,0.02028056944093919,0.08011483897765477,0.015300852777614128,0.09142345521185134,0.02028056944093919,0.09142345521185134,0.02028056944093919,0.09142345521185134,0.02028056944093919
0.11377245508982035,0.07779918140486666,0.014441248589701671,0.07779918140486666,0.014441248589701671,0.09195703346478312,0.0216911152979645,0.1078725714320527,0.02552931884693332,0.10243129941320478,0.01398482732223351,0.10190083689722322,0.00972820332442898,0.09195703346478312,0.0216911152979645,0.09195703346478312,0.0216911152979645,0.09195703346478312,0.0216911152979645,0.07822915990101664,0.014687286664654462,0.09195703346478312,0.0216911152979645,0.09195703346478312,0.0216911152979645,0.09195703346478312,0.0216911152979645
0.11976047904191617,0.07771086543798447,0.012798894990114685,0.07771086543798447,0.012798894990114685,0.09544758200645446,0.02084381987500265,0.11060407246862138,0.023676101285428998,0.10115576358344741,0.01263254146222164,0.10014627994802183,0.011607988616183212,0.09544758200645446,0.02084381987500265,0.09544758200645446,0.02084381987500265,0.09544758200645446,0.02084381987500265,0.07766059264540671,0.015189232609115835,0.09222406893968582,0.02313191619090887,0.092347851395607,0.022999210111499812,0.09544758200645446,0.02084381987500265
0.12574850299401197,0.07505306743440174,0.011294785609847405,0.07505306743440174,0.011294785609847405,0.09375727389539992,0.019851679936664906,0.11229657665604637,0.023146223018302152,0.09981092778975922,0.01395441444548184,0.10281469676742398,0.008559392058221179,0.09375727389539992,0.019851679936664906,0.09375727389539992,0.019851679936664906,0.09375727389539992,0.019851679936664906,0.07886727083297003,0.014749165865752733,0.09178454180558523,0.02150581635114946,0.09094156111989704,0.021809594408168605,0.09375727389539992,0.019851679936664906
0.1317365269461078,0.07726299424063075,0.01271046860675707,0.07726299424063075,0.01271046860675707,0.09511607072570108,0.018099466122957323,0.11076859713761837,0.02091280147929155,0.10289003461940041,0.012057198368342237,0.1024013300409574,0.009446823401822905,0.09511607072570108,0.018099466122957323,0.09511607072570108,0.018099466122957323,0.09511607072570108,0.018099466122957323,0.07868704673918811,0.013722122035269943,0.09340533952821385,0.019576622347870092,0.09524628181349148,0.01800204941295306,0.09511607072570108,0.018099466122957323
0.1377245508982036,0.07816006631954857,0.010278044797030034,0.07816006631954857,0.010278044797030034,0.09562819224336873,0.019024965041656905,0.11096015197705038,0.01760593019351462,0.10518582127416112,0.014001480156631973,0.10420711235907264,0.010546773855733138,0.09562819224336873,0.019024965041656905,0.09562819224336873,0.019024965041656905,0.09562819224336873,0.019024965041656905,0.0785222720840703,0.013663912685376667,0.09575274197951607,0.018945017862283278,0.09502042311689128,0.019444727116999294,0.09502042311689128,0.019444727116999294
0.1437125748502994,0.07701828330755234,0.011243896797814455,0.07701828330755234,0.011243896797814455,0.09768329995373885,0.018643903124042512,0.11055437945539043,0.014442176155792623,0.10653471285309978,0.011156941310374606,0.10291668856349177,0.008462165533986042,0.09768329995373885,0.018643903124042512,0.09768329995373885,0.018643903124042512,0.09768329995373885,0.018643903124042512,0.07830248090128103,0.012735168338603222,0.09768329995373885,0.018643903124042512,0.09768329995373885,0.018643903124042512,0.09768329995373885,0.018643903124042512
0.1497005988023952,0.07707099378108978,0.010806143770540944,0.07707099378108978,0.010806143770540944,0.09487486898899078,0.019253328435047914,0.1120764988235065,0.011700584216451362,0.10860006706621833,0.013236313016298061,0.10070637957956977,0.007973565612721136,0.09487486898899078,0.019253328435047914,0.09487486898899078,0.019253328435047914,0.09487486898899078,0.019253328435047914,0.08178694307804107,0.01093619179702816,0.09487486898899078,0.019253328435047914,0.09487486898899078,0.019253328435047914,0.09487486898899078,0.019253328435047914
0.15568862275449102,0.07737930692159213,0.008460809786413347,0.07737930692159213,0.008460809786413347,0.09505699116450089,0.017543500806985638,0.10991520279056423,0.011902175126973523,0.10845457602554837,0.014220776795912583,0.09971920699430248,0.007874800268463504,0.09505699116450089,0.017543500806985638,0.09505699116450089,0.017543500806985638,0.09505699116450089,0.017543500806985638,0.08102829353167461,0.012034477305893791,0.09505699116450089,0.017543500806985638,0.09505699116450089,0.017543500806985638,0.09505699116450089,0.017543500806985638
0.16167664670658682,0.07887942095597585,0.007844183971176921,0.07887942095597585,0.007844183971176921,0.09483813577228123,0.018504594099519406,0.11035829983533374,0.012524022800217263,0.10882334639668384,0.014733519730708263,0.101038607259988,0.011399346122742137,0.09483813577228123,0.018504594099519406,0.09483813577228123,0.018504594099519406,0.09483813577228123,0.018504594099519406,0.08166323822957498,0.010767062360667146,0.09506125030694185,0.018248761625940788,0.09483813577228123,0.018504594099519406,0.09483813577228123,0.018504594099519406
0.16766467065868262,0.08028149658015796,0.008885171399141831,0.08028149658015796,0.008885171399141831,0.09313391628009933,0.016498762045990885,0.10893144352095467,0.013591579436790456,0.10932003444425564,0.015281313523532849,0.1012905804556695,0.008684004688302778,0.09313391628009933,0.016498762045990885,0.09313391628009933,0.016498762045990885,0.09313391628009933,0.016498762045990885,0.08068334577339037,0.00955430612727239,0.09393200065408434,0.017377153134308366,0.09321151035172599,0.016398056823404537,0.09313391628009933,0.016498762045990885
0.17365269461077845,0.0787633112792311,0.009320920497369675,0.0787633112792311,0.009320920497369675,0.09307479601481866,0.016266021296758557,0.10679370832854304,0.013787862048585314,0.10845615278184106,0.011825941360683014,0.10340963509729915,0.00798793196709442,0.09307479601481866,0.016266021296758557,0.09307479601481866,0.016266021296758557,0.09307479601481866,0.016266021296758557,0.08122759646382825,0.0070741925039127344,0.09338217562642592,0.01666359037228946,0.09303213296265439,0.0163252914286059,0.09307479601481866,0.016266021296758557
0.17964071856287425,0.08028782407442729,0.007362222932900644,0.08028782407442729,0.007362222932900644,0.09348742912213008,0.017319444082396968,0.10952643106381098,0.012978288710709213,0.1077340115776319,0.009345709470032276,0.10131796446151124,0.008864132607931929,0.09348742912213008,0.017319444082396968,0.09348742912213008,0.017319444082396968,0.09348742912213008,0.017319444082396968,0.08338932891686757,0.005849075447415392,0.0924058238665263,0.016221134316096564,0.09348742912213008,0.017319444082396968,0.09348742912213008,0.017319444082396968
0.18562874251497005,0.08034503700271729,0.008101075082636832,0.08034503700271729,0.008101075082636832,0.09403666950041249,0.017076194875530498,0.11250285467793865,0.011905626516786044,0.10579017519242796,0.008969013970898268,0.10218263242767196,0.008654620958555568,0.09403666950041249,0.017076194875530498,0.09403666950041249,0.017076194875530498,0.09403666950041249,0.017076194875530498,0.08400604176905847,0.007496134987691648,0.09425640586883792,0.015609028423612979,0.09454354451548669,0.016332785965092435,0.09403666950041249,0.017076194875530498
0.19161676646706588,0.08333540987223387,0.008019309938963047,0.08333540987223387,0.008019309938963047,0.09315078845247626,0.015104811158293185,0.11064179334789515,0.01242855620244179,0.10461711361836977,0.007904061182927163,0.10163895310666747,0.009340777549840185,0.09315078845247626,0.015104811158293185,0.09315078845247626,0.015104811158293185,0.09315078845247626,0.015104811158293185,0.08427693322300911,0.006929430276286516,0.09384911227971315,0.01589493459523499,0.09299970045685768,0.015327914586832372,0.09315078845247626,0.015104811158293185
0.19760479041916168,0.08254879306663167,0.008690104985117911,0.08254879306663167,0.008690104985117911,0.09301962816354001,0.014601853451755076,0.11036598682403564,0.013072653352143592,0.10453041562869012,0.007310939748470971,0.10125726810348075,0.00798641794860169,0.09301962816354001,0.014601853451755076,0.09301962816354001,0.014601853451755076,0.09301962816354001,0.014601853451755076,0.08356393467296253,0.007167053150073676,0.09379030086777428,0.015206203084543185,0.09301962816354001,0.014601853451755076,0.09301962816354001,0.014601853451755076
0.20359281437125748,0.08450935868655934,0.0053880129947961,0.08450935868655934,0.0053880129947961,0.09344542640097,0.012240416158663071,0.11150685478659236,0.014731823158097518,0.10549577968027778,0.008454177463818761,0.10319102891170041,0.009777118139331142,0.09344542640097,0.012240416158663071,0.09344542640097,0.012240416158663071,0.09344542640097,0.012240416158663071,0.08328220292049296,0.006858439868027838,0.09445837622179704,0.012307967390650395,0.09344542640097,0.012240416158663071,0.09344542640097,0.012240416158663071
0.20958083832335328,0.08554919915539878,0.005427622813898831,0.08554919915539878,0.005427622813898831,0.0930805823632649,0.010105757140484796,0.10900617412158421,0.01372647921845566,0.10440949822741762,0.008100863592370965,0.10161096393628648,0.009577145163702573,0.0930805823632649,0.010105757140484796,0.0930805823632649,0.010105757140484796,0.0930805823632649,0.010105757140484796,0.08406815273421152,0.006921200654087043,0.0933287058557783,0.010480964413009858,0.09298081866332462,0.01022503928854745,0.0930805823632649,0.010105757140484796
0.2155688622754491,0.08598089052571191,0.003431789986698999,0.08598089052571191,0.003431789986698999,0.09398681587643094,0.009919838481203001,0.10874923484192955,0.014293567776611171,0.10623133824970908,0.009275119754378275,0.10345608224511067,0.00850899606177832,0.09398681587643094,0.009919838481203001,0.09398681587643094,0.009919838481203001,0.09398681587643094,0.009919838481203001,0.08424900803301069,0.006417870520397703,0.09272088524368075,0.010331362941869713,0.09448760996262233,0.009303582970442396,0.09398681587643094,0.009919838481203001
0.2215568862275449,0.08635179658193845,0.006248834417393246,0.08635179658193845,0.006248834417393246,0.09396958552502298,0.009274691138214455,0.1090010614008517,0.013573947905133462,0.1056168395329552,0.00973787404285188,0.10305293164224875,0.008792099184034724,0.09396958552502298,0.009274691138214455,0.09396958552502298,0.009274691138214455,0.09396958552502298,0.009274691138214455,0.08450663049478789,0.005695629152275638,0.09342932419196981,0.009993499003024518,0.09420597110245679,0.009072760240210512,0.09396958552502298,0.009274691138214455
0.2275449101796407,0.0870489795741282,0.006639555471855315,0.0870489795741282,0.006639555471855315,0.09470182382746746,0.0075852012623431764,0.10803047763673883,0.013279999892457676,0.10594838480542895,0.010825558743883511,0.10281916761995677,0.0077432152890429045,0.09470182382746746,0.0075852012623431764,0.09470182382746746,0.0075852012623431764,0.09470182382746746,0.0075852012623431764,0.08463990492256064,0.0048711690860472725,0.09245495733461882,0.010162214966474578,0.09391569463830245,0.008305113996941402,0.09470182382746746,0.0075852012623431764
0.23353293413173654,0.08638493181803289,0.00715331023325194,0.08638493181803289,0.00715331023325194,0.09361887589479104,0.007894447706008197,0.10697164061741951,0.013661261193791218,0.10578291474029469,0.010098381706186356,0.1024904531218957,0.007620981617030585,0.09361887589479104,0.007894447706008197,0.09361887589479104,0.007894447706008197,0.09361887589479104,0.007894447706008197,0.08421979538905315,0.003940569626318519,0.09293046135168809,0.008415378390044376,0.09361887589479104,0.007894447706008197,0.09361887589479104,0.007894447706008197
0.23952095808383234,0.08589343838393688,0.0062512635169828055,0.08589343838393688,0.0062512635169828055,0.09485273025929927,0.00934182795480742,0.10504217594861985,0.013718146656426731,0.10711507955398746,0.0093801957959029,0.10160411456432528,0.007851760122032208,0.09485273025929927,0.00934182795480742,0.09485273025929927,0.00934182795480742,0.09485273025929927,0.00934182795480742,0.08361473865807058,0.003752103480528594,0.09501825869083405,0.008515859349433412,0.09485273025929927,0.00934182795480742,0.09485273025929927,0.00934182795480742
0.24550898203592814,0.08662263758298827,0.00801488423656187,0.08662263758298827,0.00801488423656187,0.09418711611410467,0.010235307379279133,0.10339009325678755,0.012776615644110667,0.10642190356685138,0.008106605897600282,0.1012113556544398,0.007764296181920803,0.09418711611410467,0.010235307379279133,0.09418711611410467,0.010235307379279133,0.09418711611410467,0.010235307379279133,0.0829518404675693,0.004614564698553203,0.09665455287549554,0.0071296305977140385,0.09591167874452544,0.00794434014332941,0.09418711611410467,0.010235307379279133
0.25149700598802394,0.08680639628853117,0.008230406078965897,0.08680639628853117,0.008230406078965897,0.09702262850034804,0.01054460464452102,0.10365506190629233,0.012269204647227631,0.10618712011823499,0.0076156803229381126,0.10289057631853948,0.00722116115027291,0.09702262850034804,0.01054460464452102,0.09702262850034804,0.01054460464452102,0.09702262850034804,0.01054460464452102,0.08241380431822368,0.004884465445833805,0.09841592077698028,0.009218908252787837,0.09702262850034804,0.01054460464452102,0.09702262850034804,0.01054460464452102
0.25748502994011974,0.086479005772014,0.006918548994169088,0.086479005772014,0.006918548994169088,0.09839792237725369,0.009178459519028237,0.10249170557011006,0.01149119544909787,0.1058979072677958,0.007226742581234253,0.10400609534802899,0.00721485440918187,0.09839792237725369,0.009178459519028237,0.09839792237725369,0.009178459519028237,0.09839792237725369,0.009178459519028237,0.08328822151172993,0.005537458123114117,0.09788765498372011,0.009999311412626617,0.09787315407464671,0.009695436656400212,0.09787315407464671,0.009695436656400212
0.2634730538922156,0.08748383312062785,0.005484696267026959,0.08748383312062785,0.005484696267026959,0.09870639578862625,0.007680715879960392,0.1021782559427348,0.010970312256174322,0.10468509487471116,0.006941774434266751,0.10424228248611765,0.00646568841107377,0.09870639578862625,0.007680715879960392,0.09870639578862625,0.007680715879960392,0.09883619303053076,0.0075404089924656905,0.08311296254396439,0.00628985250479499,0.09822298112240704,0.008449146720484654,0.09832335128025575,0.008032536605716303,0.09895014424215665,0.007481133797624425
0.2694610778443114,0.08800470564100477,0.005881513109643147,0.08800470564100477,0.005881513109643147,0.09934689303239187,0.007516952856211317,0.10175079239739311,0.01065347835673382,0.10512857102725162,0.005587067988756818,0.10373352795878965,0.007167948400718321,0.09934689303239187,0.007516952856211317,0.09934689303239187,0.007516952856211317,0.09934689303239187,0.007516952856211317,0.08263013395998214,0.005854566727708184,0.09769483870930143,0.009410389815641955,0.10009406838152145,0.006896705055216063,0.10009406838152145,0.006896705055216063
0.2754491017964072,0.08877979316141293,0.007370549115206577,0.08877979316141293,0.007370549115206577,0.09995838351871655,0.005260840511085173,0.10058630516995555,0.010288398770748003,0.10466806973851742,0.005775842151799574,0.10403970267213405,0.00826877577052351,0.09995838351871655,0.005260840511085173,0.09995838351871655,0.005260840511085173,0.09995838351871655,0.005260840511085173,0.08281829726436864,0.005438511953619302,0.09685344022253284,0.008484640597362219,0.10006085426911064,0.005171811340272056,0.09995838351871655,0.005260840511085173
0.281437125748503,0.08780872885217059,0.006830344648338109,0.08780872885217059,0.006830344648338109,0.0997140740460538,0.0053585954139154625,0.10301079616901722,0.011847872132534727,0.10416273067716368,0.00570536669061635,0.10321983529008229,0.00880734705455947,0.0997140740460538,0.0053585954139154625,0.0997140740460538,0.0053585954139154625,0.0997140740460538,0.0053585954139154625,0.08281789624944647,0.004844113651680195,0.09779134075692358,0.008838019181078908,0.1000132256365837,0.005086536936781654,0.0997140740460538,0.0053585954139154625
0.2874251497005988,0.08893505514909825,0.005831872057056451,0.08893505514909825,0.005831872057056451,0.09980207029730082,0.005901903017566152,0.10299217887222768,0.011592629018186572,0.10369460834022946,0.0057716716937199685,0.10192290125247426,0.008768048588784242,0.09980207029730082,0.005901903017566152,0.09980207029730082,0.005901903017566152,0.09980207029730082,0.005901903017566152,0.08260530264427264,0.003928199739082003,0.09779940173029898,0.007741613652522116,0.09980207029730082,0.005901903017566152,0.09980207029730082,0.005901903017566152
0.2934131736526946,0.08956720725614198,0.0048688692387189115,0.08956720725614198,0.0048688692387189115,0.10062105649588059,0.004644418899741261,0.10276697119887995,0.008893681519579146,0.10272056339521447,0.006260567502354204,0.10093470605835272,0.008273989040816842,0.10062105649588059,0.004644418899741261,0.10062105649588059,0.004644418899741261,0.10062105649588059,0.004644418899741261,0.08194735372553066,0.0028868524905177177,0.0979017153078196,0.00699795832774687,0.10062105649588059,0.004644418899741261,0.10062105649588059,0.004644418899741261
0.2994011976047904,0.0908628511428833,0.004753821646136872,0.0908628511428833,0.004753821646136872,0.1001039731502533,0.004168470539205182,0.10241769909858704,0.007508944500899836,0.10228269385006612,0.006686494050357902,0.1009169699421186,0.00799074456858279,0.1001039731502533,0.004168470539205182,0.1001039731502533,0.004168470539205182,0.1001039731502533,0.004168470539205182,0.08194349944591522,0.002792162026975089,0.09691219121217728,0.006611760423979206,0.1001039731502533,0.004168470539205182,0.1001039731502533,0.004168470539205182
0.30538922155688625,0.08984621102903403,0.004695439503967199,0.08984621102903403,0.004695439503967199,0.0994704789390751,0.003249977751307446,0.10200060611846401,0.007184267673617115,0.1025128769196786,0.007539551403046027,0.10332877977456062,0.007702680782362106,0.0994704789390751,0.003249977751307446,0.0994704789390751,0.003249977751307446,0.0994704789390751,0.003249977751307446,0.08358058421050801,0.003402793607027829,0.09707191820238152,0.006617518476906178,0.0994704789390751,0.003249977751307446,0.0994704789390751,0.003249977751307446
0.31137724550898205,0.0908202202274249,0.005215049657193209,0.0908202202274249,0.005215049657193209,0.09974402045974365,0.0029042151723305386,0.10121878121907894,0.006649211268752124,0.10375687549296528,0.007461017046554682,0.10407919907201989,0.007535927384628075,0.09974402045974365,0.0029042151723305386,0.09974402045974365,0.0029042151723305386,0.09974402045974365,0.0029042151723305386,0.08296251841462575,0.003490261743802064,0.09840913804677817,0.004652335785987737,0.09974402045974365,0.0029042151723305386,0.09974402045974365,0.0029042151723305386
0.31736526946107785,0.09377259550229558,0.0060446191439947694,0.09377259550229558,0.0060446191439947694,0.10110834493951977,0.003183074063523813,0.10064380236391751,0.0066445791327201294,0.1040547432062478,0.006692887783005224,0.10349945255897501,0.008355812731464279,0.10110834493951977,0.003183074063523813,0.10110834493951977,0.003183074063523813,0.10110834493951977,0.003183074063523813,0.08360886939291684,0.003552602731913108,0.0986702523703845,0.005058644624992411,0.10079032098347286,0.0035647182777269575,0.10110834493951977,0.003183074063523813
0.32335329341317365,0.09323004384835562,0.006516122709464774,0.09323004384835562,0.006516122709464774,0.1013535917909057,0.0034346485858157416,0.09992035036837614,0.006463126018397334,0.10397359129495011,0.007226809179742484,0.10352875493230564,0.009416251643838603,0.1013535917909057,0.0034346485858157416,0.1013535917909057,0.0034346485858157416,0.1013535917909057,0.0034346485858157416,0.08268477657326945,0.003533578488308004,0.09868849124069567,0.0045763066198873485,0.1013535917909057,0.0034346485858157416,0.1013535917909057,0.0034346485858157416
0.32934131736526945,0.09449568309567191,0.006695955935627235,0.09449568309567191,0.006695955935627235,0.10198811969973823,0.004405971203830569,0.10008965026248585,0.007299077718521648,0.10348073927179652,0.007425090756850746,0.10390344999393952,0.008466008056456378,0.10198811969973823,0.004405971203830569,0.10198811969973823,0.004405971203830569,0.10198811969973823,0.004405971203830569,0.08185422285036609,0.0038525251021227684,0.1000335230068727,0.005300582227286831,0.1018640014258298,0.00455340829828696,0.10198811969973823,0.004405971203830569
0.33532934131736525,0.09470697598797935,0.006800628706165207,0.09470697598797935,0.006800628706165207,0.1019265382949795,0.005385354432899128,0.10012565952326571,0.007982993070708252,0.10302598937912513,0.008210252684156805,0.10393116307676704,0.008809986349969982,0.1019265382949795,0.005385354432899128,0.1019265382949795,0.005385354432899128,0.1019265382949795,0.005385354432899128,0.08105042576789856,0.004231202899174697,0.09989336053175586,0.006182252589918442,0.10173445461051805,0.005272245712218494,0.1019265382949795,0.005385354432899128
0.3413173652694611,0.09410742160521056,0.006500355135825225,0.09410742160521056,0.006500355135825225,0.10237859633930942,0.005254826895166302,0.10138912655805286,0.007927719598906273,0.10207952168815237,0.008050938856784207,0.10405305212915214,0.008973535172908808,0.10237859633930942,0.005254826895166302,0.10237859633930942,0.005254826895166302,0.10230161589488648,0.005286546009355495,0.08052183739971697,0.004034260321529979,0.09974380255791179,0.006627854546855644,0.10181285728488053,0.005861899350805977,0.10237859633930942,0.005254826895166302
0.3473053892215569,0.09549029351308427,0.0076869828242711645,0.09549029351308427,0.0076869828242711645,0.10171725575266213,0.00533894765903322,0.10094737133075452,0.007930980750754213,0.1031953111820149,0.007560953924363744,0.10280534316907361,0.008959256687199359,0.10171725575266213,0.00533894765903322,0.10171725575266213,0.00533894765903322,0.10171725575266213,0.00533894765903322,0.08038610862246875,0.004989730180641711,0.09923072955731689,0.006441157454782169,0.10229959724278286,0.005193689321265667,0.10171725575266213,0.00533894765903322
0.3532934131736527,0.09594997763633728,0.007306576885485594,0.09594997763633728,0.007306576885485594,0.10166118786496631,0.005969525775992485,0.10051514309341625,0.007682436755974415,0.10279302878327434,0.007591343245367518,0.10176238996930187,0.009173779028154645,0.10166118786496631,0.005969525775992485,0.10166118786496631,0.005969525775992485,0.10166118786496631,0.005969525775992485,0.08036528780298718,0.005183688092074819,0.10092773654703366,0.006076104404229694,0.10187887993909545,0.0057201181595831424,0.10166118786496631,0.005969525775992485
0.3592814371257485,0.09793287391463916,0.007133828940994177,0.09793287391463916,0.007133828940994177,0.10237636143962542,0.005405587563482551,0.10032470946510633,0.006497831183152113,0.10179269335375812,0.007914918973371017,0.1018992910455325,0.009334410784501094,0.10237636143962542,0.005405587563482551,0.10237636143962542,0.005405587563482551,0.10171471610665321,0.005846220001906323,0.08123119647304217,0.006310749070850807,0.10124310478568077,0.005851861954148537,0.10165601720412572,0.005907616120225414,0.10237636143962542,0.005405587563482551
0.3652694610778443,0.09887329232497293,0.005488395509720778,0.09887329232497293,0.005488395509720778,0.10274105286989056,0.004711045612075865,0.10070678836009542,0.006011078006692232,0.10195054279961577,0.008826340763384155,0.10227643485914517,0.007823987412332674,0.10274105286989056,0.004711045612075865,0.10274105286989056,0.004711045612075865,0.10274105286989056,0.004711045612075865,0.08157971843344267,0.006471609843820635,0.10016496992502055,0.0056131102928034604,0.10180448117803355,0.005806014096981236,0.10274105286989056,0.004711045612075865
0.3712574850299401,0.09889959736216453,0.006322185800728372,0.09889959736216453,0.006322185800728372,0.10362219930656495,0.004070427996840431,0.10226027739624823,0.007847023122209001,0.10129418433927215,0.009199923460513444,0.10210042392307206,0.008132520240375382,0.10362219930656495,0.004070427996840431,0.10362219930656495,0.004070427996840431,0.10362219930656495,0.004070427996840431,0.08054294533306552,0.006482651665219193,0.10003102594806303,0.005541043473758537,0.10266263302295439,0.005295845451250533,0.10362219930656495,0.004070427996840431
0.3772455089820359,0.09830826733793532,0.006071621272625001,0.09830826733793532,0.006071621272625001,0.1033475718327931,0.0050683249780973895,0.10116362477105761,0.007827934757475254,0.10036717820301809,0.009039513649683473,0.10419778754353443,0.009214573581272584,0.1033475718327931,0.0050683249780973895,0.1033475718327931,0.0050683249780973895,0.1033475718327931,0.0050683249780973895,0.08091147433197687,0.006474881680667212,0.09967284921615842,0.005290836441589282,0.10305030194539871,0.0053584061552911805,0.1033475718327931,0.0050683249780973895
0.38323353293413176,0.0986330690793693,0.0054441727321068115,0.0986330690793693,0.0054441727321068115,0.10407223599031568,0.0032463269582773836,0.1005014709662646,0.008031756910376983,0.10148461782206185,0.008430934496586764,0.1045098755491931,0.009124192517879711,0.10407223599031568,0.0032463269582773836,0.10407223599031568,0.0032463269582773836,0.10407223599031568,0.0032463269582773836,0.08076518098823726,0.006723805528766014,0.09926870628260076,0.005735918554053761,0.10290366201661527,0.004069615099649387,0.10407223599031568,0.0032463269582773836
0.38922155688622756,0.09872022637954125,0.00549585838123819,0.09872022637954125,0.00549585838123819,0.1033375790485969,0.003548820600060322,0.10071110748327695,0.007412575359371443,0.10186601430726788,0.00824127450781479,0.10515077149041618,0.00846714627991847,0.1033375790485969,0.003548820600060322,0.1033375790485969,0.003548820600060322,0.1033375790485969,0.003548820600060322,0.08128589758506188,0.007534370163804817,0.0988437382074503,0.005917904084136296,0.10368460049996009,0.003433768717679623,0.1033375790485969,0.003548820600060322
0.39520958083832336,0.09866329869537643,0.004523386568419073,0.09866329869537643,0.004523386568419073,0.1026885425954154,0.003705696543423289,0.09958136962218718,0.0072603329769279626,0.10169374885321787,0.007715424275278742,0.10501953202104249,0.008149022697214504,0.1026885425954154,0.003705696543423289,0.1026885425954154,0.003705696543423289,0.1026885425954154,0.003705696543423289,0.08182810134056842,0.0077547346868671475,0.09891362804355043,0.006088260027142292,0.10275648353677808,0.0036804542730166567,0.10275648353677808,0.0036804542730166567
0.40119760479041916,0.09878341453288919,0.004876474282895329,0.09878341453288919,0.004876474282895329,0.10295350693944676,0.004038427072126417,0.09945723614585933,0.00548700025244618,0.10122588863707023,0.007917441834856704,0.10414939148795863,0.007951979144367509,0.10295350693944676,0.004038427072126417,0.10295350693944676,0.004038427072126417,0.10295350693944676,0.004038427072126417,0.08184947562751485,0.006895244747333164,0.10010576048004093,0.006386545082750929,0.10380223904972646,0.003599137031283803,0.10329016954151553,0.003802743100950606
0.40718562874251496,0.09897231792702395,0.005034987776515848,0.09897231792702395,0.005034987776515848,0.10319865757928175,0.0033476492774658457,0.09926635793903295,0.0055908842642428454,0.10162309279278912,0.007292277301708384,0.10436945262142958,0.007965839033498564,0.10319865757928175,0.0033476492774658457,0.10319865757928175,0.0033476492774658457,0.10319865757928175,0.0033476492774658457,0.0822537304723964,0.006697233546576986,0.09958511678611531,0.005751045710414204,0.10428628456943174,0.0034460935172195,0.1027600611833965,0.0036650776462792047
0.41317365269461076,0.0989321301812711,0.0051090142564177154,0.0989321301812711,0.0051090142564177154,0.10367695080197376,0.002611712377140835,0.09928103935891304,0.006137175595113152,0.10287574586844596,0.008496147514208616,0.10365643627585341,0.007791627265500727,0.10367695080197376,0.002611712377140835,0.10367695080197376,0.002611712377140835,0.1038865639247756,0.002602484325572379,0.08158658855203269,0.006695033637157216,0.09962614679682083,0.005410917119844534,0.10421346819055252,0.0027498024761737376,0.10281592434731082,0.0027298005352625167
0.41916167664670656,0.0993958009140832,0.005348023733670906,0.0993958009140832,0.005348023733670906,0.10333920802388871,0.002980589191015384,0.09905306590454918,0.006496193352183329,0.10213274108078665,0.008436362317638741,0.1042180334201116,0.008339626708845032,0.10333920802388871,0.002980589191015384,0.10333920802388871,0.002980589191015384,0.10333920802388871,0.002980589191015384,0.08131054363080434,0.006729043450583513,0.09973720099244798,0.005071287508717654,0.10333920802388871,0.002980589191015384,0.10333920802388871,0.002980589191015384
0.4251497005988024,0.09962615349762877,0.004261688888169879,0.09962615349762877,0.004261688888169879,0.10443929950116386,0.004270536842416722,0.09867608232397429,0.006755230749368268,0.10148748694817333,0.008325633933495868,0.1047826117845443,0.008496974260514035,0.10443929950116386,0.004270536842416722,0.10443929950116386,0.004270536842416722,0.10443929950116386,0.004270536842416722,0.08068218743297416,0.006256296882043909,0.09988570402205829,0.004453633712585855,0.10443929950116386,0.004270536842416722,0.10443929950116386,0.004270536842416722
0.4311377245508982,0.1000324667741855,0.003939043411351524,0.1000324667741855,0.003939043411351524,0.10380617984467082,0.004029226312415749,0.09815662126574252,0.0065239205621713155,0.10185985826823367,0.007120813844569443,0.10408381125205013,0.008429981772669848,0.10380617984467082,0.004029226312415749,0.10380617984467082,0.004029226312415749,0.10380617984467082,0.004029226312415749,0.0800677076396015,0.00603062805288946,0.09982870891690254,0.0038857678736832187,0.10404613345033592,0.0043454548017563465,0.10380617984467082,0.004029226312415749
0.437125748502994,0.09957128375360409,0.003641443312365426,0.09957128375360409,0.003641443312365426,0.10421424144751405,0.0033287456569630752,0.09864357501676638,0.0058546886063478455,0.1017922732464773,0.007836695105462654,0.10401670940384758,0.008229603736665312,0.10421424144751405,0.0033287456569630752,0.10421424144751405,0.0033287456569630752,0.10421424144751405,0.0033287456569630752,0.07959598588616881,0.005739447744399043,0.10013483954619054,0.004532640083931123,0.10421424144751405,0.0033287456569630752,0.10421424144751405,0.0033287456569630752
0.4431137724550898,0.10029199679155607,0.0045511605408336715,0.10029199679155607,0.0045511605408336715,0.10486033800485972,0.0026084354818492342,0.09853131887880531,0.005585219161045379,0.10182194993789769,0.0074704258649317444,0.1041389900897386,0.00740234790041706,0.10486033800485972,0.0026084354818492342,0.10486033800485972,0.0026084354818492342,0.10486033800485972,0.0026084354818492342,0.07959930296685244,0.006380176509806929,0.09983606616387496,0.003886955478593757,0.10486536815359784,0.0026169362054763814,0.10486033800485972,0.0026084354818492342
0.4491017964071856,0.10080780347188315,0.004043308460282208,0.10080780347188315,0.004043308460282208,0.10503774642944336,0.002791243461588054,0.0996585218111674,0.006574648531696778,0.1015106920074084,0.007477042567781164,0.10426516350812302,0.008246686783580037,0.10503774642944336,0.002791243461588054,0.10503774642944336,0.002791243461588054,0.10503774642944336,0.002791243461588054,0.08017260054747263,0.006449806261791063,0.0996433001756668,0.0035318651516492777,0.10503774642944336,0.002791243461588054,0.10503774642944336,0.002791243461588054
0.4550898203592814,0.10130542987271358,0.004193482354247254,0.10130542987271358,0.004193482354247254,0.10552627808953587,0.0028253747036540945,0.09995996226605616,0.005568474259541219,0.1027765657883073,0.0068817761868908,0.10375280536445879,0.008474410473856955,0.10552627808953587,0.0028253747036540945,0.10552627808953587,0.0028253747036540945,0.10552627808953587,0.0028253747036540945,0.08007658723937837,0.006282762811391752,0.1003806053807861,0.0022484417226970987,0.10552627808953587,0.0028253747036540945,0.10552627808953587,0.0028253747036540945
0.46107784431137727,0.10076712091247755,0.00399852531216752,0.10076712091247755,0.00399852531216752,0.1048061956058849,0.0025259327878033463,0.09972605747835978,0.005702649344831871,0.10285585435520611,0.00547600623220524,0.10333746723881108,0.008343525886548648,0.1048061956058849,0.0025259327878033463,0.1048061956058849,0.0025259327878033463,0.1048061956058849,0.0025259327878033463,0.07985736681269362,0.006218622943719981,0.1005578317812511,0.002501685329321038,0.1048061956058849,0.0025259327878033463,0.1048061956058849,0.0025259327878033463
0.46706586826347307,0.10007375879929616,0.004092401593806017,0.10007375879929616,0.004092401593806017,0.10394626091688107,0.0025806546549634337,0.10043371182221632,0.005491110988687963,0.10267845304897627,0.005848850081586008,0.1028264127917669,0.008357486029646427,0.10394626091688107,0.0025806546549634337,0.10394626091688107,0.0025806546549634337,0.10394626091688107,0.0025806546549634337,0.07948194635220063,0.0067475745515619325,0.10016937955067709,0.003233697852358252,0.10394626091688107,0.0025806546549634337,0.10394626091688107,0.0025806546549634337
0.47305389221556887,0.09988669107986402,0.003408249685018016,0.09988669107986402,0.003408249685018016,0.10348410489438456,0.0026533167483532858,0.10056175423573845,0.005329765392301074,0.1032550213381988,0.005571196158519752,0.10195820628839962,0.008387293746009411,0.10348410489438456,0.0026533167483532858,0.10348410489438456,0.0026533167483532858,0.10348410489438456,0.0026533167483532858,0.08040546446661406,0.007966375506601094,0.10096533181546609,0.0045915972487442025,0.10348410489438456,0.0026533167483532858,0.10348410489438456,0.0026533167483532858
0.47904191616766467,0.09939318429678679,0.003904063573658995,0.09939318429678679,0.003904063573658995,0.10333349853754044,0.0034333873394095087,0.0997880384325981,0.004979732130488852,0.10257606981154865,0.006049041455313867,0.10205733431335873,0.008318097783965098,0.10333349853754044,0.0034333873394095087,0.10333349853754044,0.0034333873394095087,0.10333349853754044,0.0034333873394095087,0.08076490461826324,0.0077869017675238975,0.10098316315561533,0.004062239006346216,0.10365615263581276,0.003156376958365393,0.10365615263581276,0.003156376958365393
0.48502994011976047,0.0992925814640375,0.00396968178374988,0.0992925814640375,0.00396968178374988,0.10363728801409404,0.0030568836185996557,0.09977015595377227,0.005722306821939226,0.10263091683059483,0.006626339155469409,0.10181692066423607,0.008724753794738785,0.10363728801409404,0.0030568836185996557,0.10363728801409404,0.0030568836185996557,0.10324743647634246,0.0034182643656463798,0.08062215701297479,0.007824026891316373,0.1003464256171827,0.003932501055536731,0.10321521869412176,0.003441175227629327,0.10360507023187332,0.0030865536501652156
0.49101796407185627,0.09963989148779613,0.004117080437152788,0.09963989148779613,0.004117080437152788,0.10318863064777561,0.0029925628381945115,0.09967277417095696,0.005417174400190005,0.10267948238466088,0.007374531999491855,0.10138968439241978,0.009038720427922316,0.10318863064777561,0.0029925628381945115,0.10318863064777561,0.0029925628381945115,0.10318863064777561,0.0029925628381945115,0.08107535341163961,0.006877115874862556,0.10142364807245208,0.0035795656721472964,0.10331185416477481,0.0030028149408875184,0.10314705513599443,0.0030138753340596615
0.49700598802395207,0.10041322909205794,0.003948225189032006,0.10041322909205794,0.003948225189032006,0.1034471367497042,0.0033085558980044012,0.09904135189142571,0.005100690678684298,0.10261555110913284,0.007153375150817027,0.10178881924634078,0.008691851051651336,0.1034471367497042,0.0033085558980044012,0.1034471367497042,0.0033085558980044012,0.10345548624733844,0.0033051317908420227,0.08152121413184937,0.006897555002737569,0.10238601213478181,0.0020883172756579207,0.10357493305780802,0.0032551394846122537,0.10356658356017377,0.0032589221655924387
0.5029940119760479,0.10049055534459295,0.003719263322809162,0.10049055534459295,0.003719263322809162,0.10358037356109846,0.003203018369340971,0.09880077626023974,0.005538281920367692,0.10278297325961094,0.006126236372770625,0.10109528264395695,0.008730660712722627,0.10358037356109846,0.003203018369340971,0.10358037356109846,0.003203018369340971,0.10358037356109846,0.003203018369340971,0.08216180545943125,0.005650052539203509,0.10224458947777748,0.002285294760965315,0.10358037356109846,0.003203018369340971,0.10358037356109846,0.003203018369340971
0.5089820359281437,0.1002641548128689,0.0039140322448365196,0.1002641548128689,0.0039140322448365196,0.10373594866079443,0.0028881668960579086,0.09968686997890472,0.007181785445326592,0.10283849610067582,0.006418499236906012,0.10031361091605119,0.00874676501493948,0.10373594866079443,0.0028881668960579086,0.10373594866079443,0.0028881668960579086,0.10373594866079443,0.0028881668960579086,0.08254860937595368,0.0058408798543242175,0.10272470589946298,0.0019182489244015282,0.1041234090047724,0.003530978302802233,0.10373594866079443,0.0028881668960579086
0.5149700598802395,0.10102288269026335,0.004308048909922171,0.10102288269026335,0.004308048909922171,0.10417405152043631,0.003284076685232851,0.10074481454699538,0.00699383457862765,0.10328816970383087,0.005837784246744381,0.10089764416180454,0.008415817295897538,0.10417405152043631,0.003284076685232851,0.10417405152043631,0.003284076685232851,0.10417405152043631,0.003284076685232851,0.08318745882012124,0.005553839088047395,0.10261003829019015,0.002550807492699443,0.1040470250124155,0.003304495938741848,0.1040470250124155,0.003304495938741848
0.5209580838323353,0.10113378211684611,0.0041194522584996245,0.10113378211684611,0.0041194522584996245,0.10435791895992455,0.0025724610141197543,0.10076338977649293,0.0070971912286663585,0.10335249822183964,0.005531228138260558,0.10075099132680723,0.007650845743062363,0.10435791895992455,0.0025724610141197543,0.10435791895992455,0.0025724610141197543,0.10435791895992455,0.0025724610141197543,0.08340506683820967,0.005568420523085802,0.10191666035131476,0.002838813516003373,0.10366531247380137,0.0030181602251151242,0.10409720995645413,0.0025880389528576257
0.5269461077844312,0.10268390957604755,0.004429916545229258,0.10268390957604755,0.004429916545229258,0.10478087328374386,0.0025871817983544685,0.10085386782884598,0.007002712281661799,0.10308029162953519,0.005549421541876032,0.10073284719141365,0.0072131059085284496,0.10478087328374386,0.0025871817983544685,0.10478087328374386,0.0025871817983544685,0.10478087328374386,0.0025871817983544685,0.08419672196561641,0.006785720669831474,0.1014374801042405,0.0028341539873442427,0.10478087328374386,0.0025871817983544685,0.10478087328374386,0.0025871817983544685
0.5329341317365269,0.10289139710785297,0.0034532674723740924,0.10289139710785297,0.0034532674723740924,0.104117110873876,0.002406477197425119,0.10111003243521359,0.006884866847426835,0.10256022648048826,0.005411699353049083,0.10088291711875186,0.007617516886116182,0.104117110873876,0.002406477197425119,0.104117110873876,0.002406477197425119,0.104117110873876,0.002406477197425119,0.0840919034534626,0.006977710738786435,0.10099934476814913,0.003613900716414641,0.104117110873876,0.002406477197425119,0.104117110873876,0.002406477197425119
0.5389221556886228,0.1023730571071307,0.0035592291423597114,0.1023730571071307,0.0035592291423597114,0.1045894894335005,0.0030797825521768313,0.10154736224148009,0.007528301574829464,0.10276670651343055,0.005571080495679298,0.10119729088452048,0.008046446433300698,0.1045894894335005,0.0030797825521768313,0.1045894894335005,0.0030797825521768313,0.1045894894335005,0.0030797825521768313,0.08508806427319844,0.0054671364945356685,0.10056076712078518,0.003218748159869297,0.1045894894335005,0.0030797825521768313,0.1045894894335005,0.0030797825521768313
0.5449101796407185,0.10266529465769673,0.003474809481610565,0.10266529465769673,0.003474809481610565,0.10427183354948902,0.0030705173936534974,0.10242666189487164,0.007250577700539869,0.10296866178734174,0.005673523543359129,0.10140862303342349,0.008035942805430475,0.10427183354948902,0.0030705173936534974,0.10427183354948902,0.0030705173936534974,0.10427183354948902,0.0030705173936534974,0.0849141552225574,0.005747587890168058,0.10003650286695459,0.003049518689968916,0.10485250592886747,0.0032151555760544692,0.10427183354948902,0.0030705173936534974
0.5508982035928144,0.10235100919785706,0.0036764417579235797,0.10235100919785706,0.0036764417579235797,0.10505353740375975,0.0026738331656932903,0.10215494522581929,0.0066668164760015,0.102528752137894,0.00558793093094757,0.10119072520614167,0.008313073427994122,0.10505353740375975,0.0026738331656932903,0.10505353740375975,0.0026738331656932903,0.10505353740375975,0.0026738331656932903,0.08431802722422972,0.005539394866242149,0.09984606682606366,0.003747527451543976,0.10506662969355997,0.0026890769652792084,0.10505353740375975,0.0026738331656932903
0.5568862275449101,0.1022720835221711,0.0038215972796223387,0.1022720835221711,0.0038215972796223387,0.10453415173356251,0.0027350877439129367,0.1026032688797161,0.0062206072437733725,0.10208571831959044,0.0057784304183754395,0.10105415018588759,0.008468057303279222,0.10453415173356251,0.0027350877439129367,0.10453415173356251,0.0027350877439129367,0.10453415173356251,0.0027350877439129367,0.08401324784242978,0.005021564754199082,0.10007547194598823,0.0031827263661889367,0.10447930248193843,0.0027254985587603087,0.10453415173356251,0.0027350877439129367
0.562874251497006,0.10233331836284475,0.003751344902823396,0.10233331836284475,0.003751344902823396,0.1043910025916201,0.002603387768502953,0.10247595782609696,0.006714284106799698,0.10218094376917629,0.006453700602275185,0.10173853225640575,0.007627475172747284,0.1043910025916201,0.002603387768502953,0.1043910025916201,0.002603387768502953,0.1043910025916201,0.002603387768502953,0.08351445990674039,0.00480122135999308,0.09963743214277512,0.002837319591816451,0.1043910025916201,0.002603387768502953,0.1043910025916201,0.002603387768502953
0.5688622754491018,0.10215590925593125,0.003671893122357761,0.10215590925593125,0.003671893122357761,0.10469405117787813,0.0030490835778048896,0.10264020703340831,0.00666182905874176,0.10304220655373583,0.0052017661267588725,0.10134437907025748,0.0075837353068797676,0.10469405117787813,0.0030490835778048896,0.10469405117787813,0.0030490835778048896,0.10469405117787813,0.0030490835778048896,0.08403274558092419,0.005202458008158468,0.09929723206319307,0.0032523412417494397,0.10469405117787813,0.0030490835778048896,0.10469405117787813,0.0030490835778048896
0.5748502994011976,0.1024558348581195,0.0037018503620746854,0.1024558348581195,0.0037018503620746854,0.10465738425652185,0.002584483034444479,0.10231697342048088,0.006845841114124325,0.1028931933127998,0.005459342166165907,0.10203808847026613,0.007338604708794747,0.10465738425652185,0.002584483034444479,0.10465738425652185,0.002584483034444479,0.10465738425652185,0.002584483034444479,0.08417083602398634,0.004915523947458502,0.09916442446410655,0.004001688557315339,0.10465738425652185,0.002584483034444479,0.10465738425652185,0.002584483034444479
0.5808383233532934,0.10189753279243549,0.0036506402756857205,0.10189753279243549,0.0036506402756857205,0.10466509581226663,0.0034350488962616357,0.10208218045455894,0.007264211070708757,0.10397940364393365,0.004589727294845415,0.1023530358383888,0.0069336029380109845,0.10466509581226663,0.0034350488962616357,0.10466509581226663,0.0034350488962616357,0.10466509581226663,0.0034350488962616357,0.08515546263493214,0.004443551782356633,0.09927513012566516,0.0038710800097234497,0.10466509581226663,0.0034350488962616357,0.10466509581226663,0.0034350488962616357
0.5868263473053892,0.10199479834765804,0.002609486244383112,0.10199479834765804,0.002609486244383112,0.10454856695569291,0.0036954707683053336,0.10341729953580972,0.007074069910907824,0.1037548333028593,0.0049541381438903695,0.10244987057354636,0.007207878198905032,0.10454856695569291,0.0036954707683053336,0.10454856695569291,0.0036954707683053336,0.10454856695569291,0.0036954707683053336,0.08574976346322467,0.004027236131577208,0.09923479356327836,0.003548097385337648,0.10454856695569291,0.0036954707683053336,0.10454856695569291,0.0036954707683053336
0.592814371257485,0.1016569586113246,0.002198719373523489,0.1016569586113246,0.002198719373523489,0.1044045171954415,0.0038441884802409357,0.10559748210991271,0.007988660801603868,0.1033207829375813,0.004870094194440567,0.10236327202371796,0.007322591633462063,0.1044045171954415,0.0038441884802409357,0.1044045171954415,0.0038441884802409357,0.1044045171954415,0.0038441884802409357,0.08601053450444732,0.0041289312867483835,0.09893270815261686,0.0033955252331952695,0.10446968494039593,0.003819004875820279,0.1044045171954415,0.0038441884802409357
0.5988023952095808,0.10153852820396422,0.002235916985248197,0.10153852820396422,0.002235916985248197,0.10493481606245042,0.003282513420882823,0.10555681400001049,0.007659446306800948,0.10293752783742137,0.004830855890628409,0.10196337492969222,0.0076612057465431285,0.10493481606245042,0.003282513420882823,0.10493481606245042,0.003282513420882823,0.10493481606245042,0.003282513420882823,0.0860862323641777,0.0036977567277050364,0.0993516680598259,0.003216937414943718,0.10476568728685379,0.003406713192197243,0.10493481606245042,0.003282513420882823
0.6047904191616766,0.1018422698915595,0.0011159977587947415,0.1018422698915595,0.0011159977587947415,0.10499579260254852,0.002758166611467429,0.10546062126903251,0.008430444496339446,0.10222909349393582,0.005053225117719956,0.1016478534153355,0.0072623479107768035,0.10499579260254852,0.002758166611467429,0.10499579260254852,0.002758166611467429,0.10499579260254852,0.002758166611467429,0.08555880041405706,0.0036421677273405766,0.09947063825508157,0.0031419277546457154,0.10495522913366262,0.002800833567879077,0.10495522913366262,0.002800833567879077
0.6107784431137725,0.10222923916344549,0.0019438931683580622,0.10222923916344549,0.0019438931683580622,0.10448234279950461,0.0025345993601786753,0.10505704150772563,0.008359362936157995,0.10231122118527514,0.005138005963147635,0.10213642523219303,0.00639144642943346,0.10448234279950461,0.0025345993601786753,0.10448234279950461,0.0025345993601786753,0.10448234279950461,0.0025345993601786753,0.08646287257764854,0.0033932309289581484,0.0991631632342058,0.0030806377038398664,0.10465903799323475,0.002328772445492405,0.10448234279950461,0.0025345993601786753
0.6167664670658682,0.10209410167434842,0.0020589343654559026,0.10209410167434842,0.0020589343654559026,0.10401336024108443,0.0023241564854693444,0.10496641167448563,0.008653076319448234,0.10224362953299249,0.005368425724112057,0.10168033851396482,0.006239038419921059,0.10401336024108443,0.0023241564854693444,0.10401336024108443,0.0023241564854693444,0.10401336024108443,0.0023241564854693444,0.08639231049320072,0.0034790796908696887,0.09877899824415595,0.0028722202922149553,0.10398903952061551,0.002346761603181099,0.10401336024108443,0.0023241564854693444
0.6227544910179641,0.10159907260766396,0.0021102185760137684,0.10159907260766396,0.0021102185760137684,0.10341482709806699,0.0022280503534195346,0.10468269605189562,0.008213567063039492,0.10239492863106088,0.005220822809449982,0.10131558787913324,0.006200642849610593,0.10341482709806699,0.0022280503534195346,0.10341482709806699,0.0022280503534195346,0.10341482709806699,0.0022280503534195346,0.087079975897303,0.0035602981602089897,0.09868027628041232,0.002931992367495903,0.10341482709806699,0.0022280503534195346,0.10341482709806699,0.0022280503534195346
0.6287425149700598,0.10155528868947711,0.0027847077926863037,0.10155528868947711,0.0027847077926863037,0.10303716844036466,0.0020828387857294794,0.10425562922443662,0.008582142136230117,0.10234382539554168,0.004929475894823101,0.10185814383050673,0.006214345717868895,0.10303716844036466,0.0020828387857294794,0.10303716844036466,0.0020828387857294794,0.10303716844036466,0.0020828387857294794,0.08756319426354908,0.004326140417093312,0.09860775839714778,0.0031610181363936423,0.10303716844036466,0.0020828387857294794,0.10303716844036466,0.0020828387857294794
0.6347305389221557,0.10148833832650814,0.0026996613697860255,0.10148833832650814,0.0026996613697860255,0.10224115230002492,0.002060470148752076,0.10398211829223722,0.007814288125083725,0.1019079485873848,0.0049667686334689855,0.1017726809771273,0.0067626213958286345,0.10224115230002492,0.002060470148752076,0.10224115230002492,0.002060470148752076,0.10224115230002492,0.002060470148752076,0.08795627614237228,0.004051981855891529,0.09866621345281601,0.0026235493008739865,0.10224115230002492,0.002060470148752076,0.10224115230002492,0.002060470148752076
0.6407185628742516,0.10129924592013671,0.0022196401852894792,0.10129924592013671,0.0022196401852894792,0.10226091714662927,0.0021094823035950555,0.10417468727470558,0.008568207944572253,0.10152401031898234,0.005071927691208777,0.10152121579420574,0.00671353386194196,0.10226091714662927,0.0021094823035950555,0.10226091714662927,0.0021094823035950555,0.10226091714662927,0.0021094823035950555,0.08827746220838244,0.004364948186996926,0.09840358640545996,0.002944777534394489,0.1020782042608083,0.002241929447820676,0.1020782042608083,0.002241929447820676
0.6467065868263473,0.10167078646244827,0.0014898752587851403,0.10167078646244827,0.0014898752587851403,0.10213400271755677,0.001393055599075423,0.10329988440153776,0.008557133425858109,0.10185087224715206,0.005663397053410799,0.10106717720115548,0.006765585711614906,0.10213400271755677,0.001393055599075423,0.10213400271755677,0.001393055599075423,0.10213400271755677,0.001393055599075423,0.08874689594463064,0.005376196460850448,0.09875614527199003,0.0030141713025308944,0.10213400271755677,0.001393055599075423,0.10213400271755677,0.001393055599075423
0.6526946107784432,0.1010599763841804,0.0013840603748815833,0.1010599763841804,0.0013840603748815833,0.10278051503754537,0.0020037003697499583,0.1035497855019132,0.00867879169544957,0.10212326705920752,0.005710263919490305,0.10180231539126,0.006511822577219902,0.10278051503754537,0.0020037003697499583,0.10278051503754537,0.0020037003697499583,0.10278051503754537,0.0020037003697499583,0.08814029422921871,0.005210487670477422,0.09930847940641807,0.0033415302069253142,0.10278051503754537,0.0020037003697499583,0.10278051503754537,0.0020037003697499583
0.6586826347305389,0.10121432718905535,0.0016540296145148758,0.10121432718905535,0.0016540296145148758,0.10293752957474102,0.001955003554445348,0.10412110550837084,0.007378351953258404,0.10292549023914739,0.004932433151665076,0.101426397727992,0.006763931121157533,0.10293752957474102,0.001955003554445348,0.10293752957474102,0.001955003554445348,0.10293752957474102,0.001955003554445348,0.08834054632620378,0.005124741189754972,0.09917085306210952,0.002992545063967793,0.10293752957474102,0.001955003554445348,0.10293752957474102,0.001955003554445348
0.6646706586826348,0.10129701930123407,0.001400057640960698,0.10129701930123407,0.001400057640960698,0.1030745568039181,0.0024597669498112435,0.10385299735778088,0.007096652792867687,0.10261475380158203,0.004907725559745702,0.10250256456988988,0.00474276944134654,0.1030745568039181,0.0024597669498112435,0.1030745568039181,0.0024597669498112435,0.1030745568039181,0.0024597669498112435,0.08867213465608992,0.004731878085773921,0.09930922950173283,0.0034949740590541336,0.1030745568039181,0.0024597669498112435,0.1030745568039181,0.0024597669498112435
0.6706586826347305,0.10152258896934135,0.0018671782669068724,0.10152258896934135,0.0018671782669068724,0.10325176761086498,0.0027619469248778713,0.10359283802764756,0.0071765839675105875,0.10211617549980127,0.0048647213484281455,0.1023686928391756,0.005091271321992178,0.10325176761086498,0.0027619469248778713,0.10325176761086498,0.0027619469248778713,0.10325176761086498,0.0027619469248778713,0.08893276538167681,0.004064131092396029,0.09893387569380659,0.0035433712655535718,0.10325176761086498,0.0027619469248778713,0.10325176761086498,0.0027619469248778713
0.6766467065868264,0.10172667664236727,0.002337100035490424,0.10172667664236727,0.002337100035490424,0.10400534744283794,0.0017085054414916936,0.10304234407644355,0.007626174138639374,0.10242061629740576,0.004527330945558051,0.10201768995367358,0.005271842421833935,0.10400534744283794,0.0017085054414916936,0.10400534744283794,0.0017085054414916936,0.10400534744283794,0.0017085054414916936,0.08916652176232465,0.0034662014745983315,0.09856303036212921,0.0036529410755140224,0.10357075323045782,0.0020394830917849203,0.10400534744283794,0.0017085054414916936
0.6826347305389222,0.10192191221734934,0.0016143408405894046,0.10192191221734934,0.0016143408405894046,0.10437384639915667,0.0022893898185988287,0.1036297284197389,0.006608738581300514,0.10262781703808076,0.004576209571239834,0.10198496695800054,0.004813540347998061,0.10437384639915667,0.0022893898185988287,0.10437384639915667,0.0022893898185988287,0.10366356869538626,0.002153771267437499,0.08916683298976796,0.0034241528441281512,0.09877163119483412,0.0038338089314069153,0.10392713167688304,0.0019360775389238244,0.10437384639915667,0.0022893898185988287
0.688622754491018,0.1022052157184352,0.0014284543037701963,0.1022052157184352,0.0014284543037701963,0.10406381474888843,0.002221542811975897,0.10333341126856596,0.006218176732905506,0.10307058427396525,0.004557161349483276,0.10216834500831604,0.004998247321664841,0.10406381474888843,0.002221542811975897,0.10406381474888843,0.002221542811975897,0.10406381474888843,0.002221542811975897,0.08880563961422962,0.003441033039261863,0.09882587155570155,0.0036775948981806997,0.10406381474888843,0.002221542811975897,0.10406381474888843,0.002221542811975897
0.6946107784431138,0.10193807053668746,0.0011612615721231403,0.10193807053668746,0.0011612615721231403,0.10471601296087793,0.0035025935328727715,0.10321691182666812,0.005592909124202968,0.10258079866293895,0.004625131839315852,0.10166903617463956,0.005080590773456086,0.10471601296087793,0.0035025935328727715,0.10471601296087793,0.0035025935328727715,0.10471601296087793,0.0035025935328727715,0.08914531292072658,0.003500468271324533,0.09932493469838438,0.0034520271323718894,0.10471601296087793,0.0035025935328727715,0.10471601296087793,0.0035025935328727715
0.7005988023952096,0.10156242320170769,0.0014848737811469898,0.10156242320170769,0.0014848737811469898,0.10465111080397907,0.003671450296628879,0.10321558884575835,0.005553030000743605,0.10254095054629442,0.004366272645375402,0.10182956987506225,0.004548160103598291,0.10465111080397907,0.003671450296628879,0.10465111080397907,0.003671450296628879,0.10465111080397907,0.003671450296628879,0.08981480048252985,0.0034486254328746926,0.10007320637376899,0.003777402029651872,0.10465111080397907,0.003671450296628879,0.10465111080397907,0.003671450296628879
0.7065868263473054,0.10205204709101531,0.002531827025881946,0.10205204709101531,0.002531827025881946,0.10432351367958521,0.0034616457324129235,0.10341098285832648,0.005580345564764843,0.10252799616201595,0.003927878122739572,0.10231258623860795,0.0046912571173178515,0.10432351367958521,0.0034616457324129235,0.10432351367958521,0.0034616457324129235,0.10432351367958521,0.0034616457324129235,0.09013204440727071,0.004248489762409487,0.09961995684494407,0.003807655196907406,0.10407255463680978,0.003674704990146288,0.10432351367958521,0.0034616457324129235
0.7125748502994012,0.1018794231555041,0.0027511739359133347,0.1018794231555041,0.0027511739359133347,0.1048638381126548,0.003801874848669195,0.10370104090005411,0.00530034318235407,0.102821813699752,0.003958695498753831,0.10193830569569168,0.0051066878961436735,0.1048638381126548,0.003801874848669195,0.1048638381126548,0.003801874848669195,0.1048638381126548,0.003801874848669195,0.09005563800074473,0.004009625964127644,0.09983736727418019,0.003450194309341048,0.1046149879693985,0.0040683994860891476,0.1048638381126548,0.003801874848669195
0.718562874251497,0.10193113299707572,0.003564599774982862,0.10193113299707572,0.003564599774982862,0.10412335445483525,0.0037273028122255525,0.10377222659687202,0.00515174421602976,0.10313992540495184,0.003484582861222262,0.10265500324921396,0.004317538656394445,0.10412335445483525,0.0037273028122255525,0.10412335445483525,0.0037273028122255525,0.10412335445483525,0.0037273028122255525,0.09013295595844587,0.004146627644666314,0.10038398851950962,0.004238472983560959,0.10433705983062584,0.003901933932594829,0.10412335445483525,0.0037273028122255525
0.7245508982035929,0.10270803354003213,0.004805313511421248,0.10270803354003213,0.004805313511421248,0.10421779998077833,0.0035130049861263704,0.10338923987770869,0.005287807569122771,0.10398893589910208,0.0032303178522938895,0.10272310479215166,0.004095899652809346,0.10421779998077833,0.0035130049861263704,0.10421779998077833,0.0035130049861263704,0.10421779998077833,0.0035130049861263704,0.08974453425111849,0.004268704531258237,0.10099125474937691,0.00433712024630684,0.10424312234910066,0.0038687958030213985,0.10421779998077833,0.0035130049861263704
0.7305389221556886,0.10298807943453553,0.0050615729439502585,0.10298807943453553,0.0050615729439502585,0.10410917012906466,0.003461922709733102,0.10345472456490407,0.00574580613002203,0.1034683926060066,0.003528570374068468,0.1034064168444914,0.003600852197247368,0.10410917012906466,0.003461922709733102,0.10410917012906466,0.003461922709733102,0.10410917012906466,0.003461922709733102,0.0907607121301479,0.0042507875568685415,0.10104825469802639,0.004323582957686444,0.10386247065712194,0.0036022797430524892,0.10410917012906466,0.003461922709733102
0.7365269461077845,0.1032972378217108,0.00446584755244025,0.1032972378217108,0.00446584755244025,0.10350751283207561,0.003460196232441985,0.10321357712997654,0.006385179683234235,0.10364923499342148,0.0032828042984705272,0.10317130459880686,0.0038238455367719253,0.10350751283207561,0.003460196232441985,0.10350751283207561,0.003460196232441985,0.10350751283207561,0.003460196232441985,0.09068136474465936,0.004308653095732453,0.10048858118735678,0.0043117999389731725,0.10361549379379768,0.00342053100835695,0.10350751283207561,0.003460196232441985
0.7425149700598802,0.10397303813407499,0.00402499636845639,0.10397303813407499,0.00402499636845639,0.10374916356898123,0.0033904906182822166,0.10264166252266976,0.006307592691644364,0.1038694366044909,0.002825310059159101,0.10293517213207554,0.003962729511345414,0.10374916356898123,0.0033904906182822166,0.10374916356898123,0.0033904906182822166,0.10374916356898123,0.0033904906182822166,0.09126190456651873,0.0044549339805117875,0.100616208968624,0.003789702630617837,0.10344457674411035,0.0037545699280523005,0.10374916356898123,0.0033904906182822166
0.7485029940119761,0.10377317190170288,0.0038486461085040333,0.10377317190170288,0.0038486461085040333,0.1032437219619751,0.003295487953437996,0.10238939869403839,0.00622261209542657,0.10369720469620414,0.0030834618906944236,0.10369531832840628,0.004022161135669168,0.1032437219619751,0.003295487953437996,0.1032437219619751,0.003295487953437996,0.1032437219619751,0.003295487953437996,0.09150057780742646,0.004779672395168611,0.10058530712127685,0.003727253475571872,0.10324113917350769,0.0033291086369255356,0.1032437219619751,0.003295487953437996
0.7544910179640718,0.10488739030228722,0.004124617512530984,0.10488739030228722,0.004124617512530984,0.10388840628521782,0.003808422826503284,0.1020305659326296,0.00618747489346563,0.10371089263370979,0.003062599724899389,0.10333745865397903,0.004195329288656772,0.10388840628521782,0.003808422826503284,0.10388840628521782,0.003808422826503284,0.10388840628521782,0.003808422826503284,0.09119421693067702,0.005143739626379526,0.10029119040284838,0.003659818934713575,0.10368994777164761,0.004024900623578058,0.10388840628521782,0.003808422826503284
0.7604790419161677,0.10444666738585225,0.00428692052598284,0.10444666738585225,0.00428692052598284,0.10415840195858572,0.003557213539780414,0.10224369438145105,0.006146512505983316,0.10356992679722796,0.0029822658864858873,0.10388559827589743,0.0031717467262235267,0.10415840195858572,0.003557213539780414,0.10415840195858572,0.003557213539780414,0.10415840195858572,0.003557213539780414,0.09109344890737157,0.005549739705791735,0.10027015338263173,0.003191408686539062,0.10357591861814965,0.004065354499891843,0.10415840195858572,0.003557213539780414
0.7664670658682635,0.1050088134361431,0.0033023811835453504,0.1050088134361431,0.0033023811835453504,0.10451085364911705,0.0025457098580524634,0.10208146180957556,0.00600655537711123,0.10349148729415945,0.0029559380479991016,0.10422514538346193,0.0033951659831242234,0.10451085364911705,0.0025457098580524634,0.10451085364911705,0.0025457098580524634,0.10451085364911705,0.0025457098580524634,0.09153858735226095,0.005343191406843199,0.09962583868764341,0.0030745073726977843,0.1036582225933671,0.00332995246506927,0.10451085364911705,0.0025457098580524634
0.7724550898203593,0.10470467921375305,0.0031395276672264542,0.10470467921375305,0.0031395276672264542,0.10436988569969355,0.0025224459424370554,0.10230811864368675,0.005753695302746588,0.10324921714436713,0.002994394565617088,0.1041233378575715,0.003236696996763613,0.10436988569969355,0.0025224459424370554,0.10436988569969355,0.0025224459424370554,0.10436988569969355,0.0025224459424370554,0.09189393169196076,0.005177695191523152,0.09926836654659389,0.003299741802146794,0.10387144832648049,0.0028451019153404615,0.10436988569969355,0.0025224459424370554
0.7784431137724551,0.1042784578525103,0.003470591034736495,0.1042784578525103,0.003470591034736495,0.10428864245231334,0.003145559987783998,0.1027038894020594,0.006130547618342822,0.10346684049504355,0.002822876352319182,0.1047024556705475,0.0035764532079703678,0.10428864245231334,0.003145559987783998,0.10428864245231334,0.003145559987783998,0.10428864245231334,0.003145559987783998,0.09205963210417674,0.004978081191777755,0.09916025480398766,0.0030029065282011127,0.10423879119066091,0.00315344851702816,0.10428864245231334,0.003145559987783998
0.7844311377245509,0.1044478477867505,0.003806541499849406,0.1044478477867505,0.003806541499849406,0.1046802635866267,0.0034471002881620435,0.1029402452115794,0.0059678840754586,0.10357587943539387,0.0027297668350094403,0.10461941150752666,0.003507565131423894,0.1046802635866267,0.0034471002881620435,0.1046802635866267,0.0034471002881620435,0.1046802635866267,0.0034471002881620435,0.09222504109826707,0.005019986528350859,0.09861528566320435,0.0029418519833602145,0.10414953290961171,0.003758295349210386,0.1046802635866267,0.0034471002881620435
0.7904191616766467,0.1045551278600187,0.0037479251884854126,0.1045551278600187,0.0037479251884854126,0.10435419145858649,0.0035314335022219256,0.10259038582444191,0.006028639458196217,0.10330567479700072,0.0029585364206760217,0.10444680978517863,0.0038714552672094215,0.10435419145858649,0.0035314335022219256,0.10435419145858649,0.0035314335022219256,0.10435419145858649,0.0035314335022219256,0.09232236162731142,0.005181343872228774,0.09927750852974979,0.0031048242933946115,0.10427079993215474,0.003503363039768758,0.10435419145858649,0.0035314335022219256
0.7964071856287425,0.1046750356156127,0.003637867885768589,0.1046750356156127,0.003637867885768589,0.10408875278960493,0.003808432314330381,0.1021886113891028,0.005764111382083281,0.10390293422737037,0.0026097001151192197,0.1043222031581354,0.0041518046077319475,0.10408875278960493,0.003808432314330381,0.10408875278960493,0.003808432314330381,0.10408875278960493,0.003808432314330381,0.09227213397958225,0.005241248855147321,0.09956921155291393,0.0030546343738775644,0.1040567949526292,0.003858810275236547,0.10408875278960493,0.003808432314330381
0.8023952095808383,0.10484723135161755,0.004192606067428509,0.10484723135161755,0.004192606067428509,0.10392572397171561,0.003436187706557283,0.10166104604948811,0.005755947497402839,0.10380101863044133,0.0027134953655244456,0.10450527475312298,0.003637356048128923,0.10392572397171561,0.003436187706557283,0.10392572397171561,0.003436187706557283,0.10392572397171561,0.003436187706557283,0.09229505451312706,0.005594803023768088,0.10000045586432985,0.004329783701861777,0.10356832006529196,0.003761835528151708,0.10392572397171561,0.003436187706557283
0.8083832335329342,0.10510417344393554,0.004305376844539366,0.10510417344393554,0.004305376844539366,0.1040633656360485,0.0037100030509801597,0.10239586510040143,0.005610793000919758,0.10338761278916209,0.0029214590038088603,0.1046774234157572,0.003691542717436493,0.1040633656360485,0.0037100030509801597,0.1040633656360485,0.0037100030509801597,0.1040633656360485,0.0037100030509801597,0.0924646328996729,0.005982334231493159,0.09979601049864734,0.004684201940104725,0.10367515495529882,0.003840004802183438,0.1040633656360485,0.0037100030509801597
0.8143712574850299,0.10482166685602244,0.004291609001493532,0.10482166685602244,0.004291609001493532,0.10349024547373548,0.00383927331139647,0.10220838053261531,0.005420231489786185,0.10443660684091319,0.0021810548118866182,0.10433808156834044,0.003679110024555187,0.10349024547373548,0.00383927331139647,0.10349024547373548,0.00383927331139647,0.10349024547373548,0.00383927331139647,0.09303259893375285,0.005132285163826293,0.09989511396955042,0.004369362472578386,0.10351584775044638,0.003837848647636912,0.10349024547373548,0.00383927331139647
0.8203592814371258,0.10482799234616495,0.0038701411222468013,0.10482799234616495,0.0038701411222468013,0.10360614335449943,0.0035420783017650922,0.10169214662844248,0.005145186502093734,0.10473441099444752,0.002514990117059962,0.10451176567515626,0.0043358800841856735,0.10360614335449943,0.0035420783017650922,0.10360614335449943,0.0035420783017650922,0.10360614335449943,0.0035420783017650922,0.09356619047857549,0.005275755626797569,0.09975010896251149,0.004909307354749434,0.10303206013066925,0.003865481831156089,0.10360614335449943,0.0035420783017650922
0.8263473053892215,0.10449316082657246,0.003806446340948382,0.10449316082657246,0.003806446340948382,0.10369664992111316,0.0033489901003883804,0.10211604498866676,0.00476924615788058,0.10449569585930243,0.0025989205036215787,0.10503767679102677,0.0045438878937945236,0.10369664992111316,0.0033489901003883804,0.10369664992111316,0.0033489901003883804,0.10369664992111316,0.0033489901003883804,0.09321755537952202,0.004968726141346522,0.09985775975645453,0.004699200239753573,0.10283302245796591,0.003707893566887758,0.10369664992111316,0.0033489901003883804
0.8323353293413174,0.10427434645968375,0.00419982316173811,0.10427434645968375,0.00419982316173811,0.10347834079385661,0.003324271686110755,0.10210076060226494,0.00421528674020582,0.10450710634191943,0.0030954995197413856,0.10507107134004116,0.004123436756834089,0.10347834079385661,0.003324271686110755,0.10347834079385661,0.003324271686110755,0.10347834079385661,0.003324271686110755,0.09357348481099383,0.004352173432785145,0.09991366121408751,0.004888156344747052,0.10292630894578618,0.0036358851314015365,0.10347834079385661,0.003324271686110755
0.8383233532934131,0.10437001809477806,0.0037883210568309933,0.10437001809477806,0.0037883210568309933,0.10352829460586821,0.0028463644569628943,0.1021491877734661,0.004700635333929212,0.1049314231595058,0.00256045273317385,0.10521230898364117,0.003923060917191613,0.10352829460586821,0.0028463644569628943,0.10352829460586821,0.0028463644569628943,0.10352829460586821,0.0028463644569628943,0.0939757900578635,0.0037512677599765443,0.0999794565141201,0.004781972732269162,0.10281082008566175,0.0033814776745683395,0.10352829460586821,0.0028463644569628943
0.844311377245509,0.10448724834631522,0.003240018477688609,0.10448724834631522,0.003240018477688609,0.10339254235967676,0.0034050659183297236,0.10196716882658344,0.004350133605077735,0.10460736795841581,0.0025437725981510644,0.10499867456500615,0.004009314461300943,0.10339254235967676,0.0034050659183297236,0.10339254235967676,0.0034050659183297236,0.10339254235967676,0.0034050659183297236,0.09487400684796327,0.003778401498957307,0.10071633344000958,0.004487626819995978,0.10257443331234845,0.0032037080819339106,0.10339254235967676,0.0034050659183297236
0.8502994011976048,0.10474129409437449,0.003146582072347971,0.10474129409437449,0.003146582072347971,0.10353452135139789,0.0036466334769845662,0.10186069469216844,0.004214868058615961,0.10445921844176391,0.0026851829229889834,0.10505984678670942,0.0035645570060766347,0.10353452135139789,0.0036466334769845662,0.10353452135139789,0.0036466334769845662,0.10353452135139789,0.0036466334769845662,0.09457782886817422,0.0037228891071110787,0.10040089120747336,0.004379482062028597,0.10266740326310547,0.003655541318345675,0.10353452135139789,0.0036466334769845662
0.8562874251497006,0.10445949518597208,0.0036115122999499944,0.10445949518597208,0.0036115122999499944,0.10364418607074896,0.003181844202829339,0.1021429110657085,0.004600394014881476,0.10438202297069546,0.0028881298980117827,0.1048737032485065,0.003583183067803024,0.10364418607074896,0.003181844202829339,0.10364418607074896,0.003181844202829339,0.10364418607074896,0.003181844202829339,0.09471882254510491,0.004716800264083375,0.10031851761407785,0.004021956046399395,0.10281670333205403,0.0037983216085923305,0.10364418607074896,0.003181844202829339
0.8622754491017964,0.10418723834057649,0.0034752945049867125,0.10418723834057649,0.0034752945049867125,0.10406536008748743,0.0025654282435607755,0.10177146840012735,0.004423644210517244,0.10462502013310711,0.0027383793032751515,0.10477584958323095,0.003501374126910185,0.10406536008748743,0.0025654282435607755,0.10406536008748743,0.0025654282435607755,0.10406536008748743,0.0025654282435607755,0.09483192022889853,0.004419901054263013,0.09981915178812212,0.003942522299577339,0.10223218457152447,0.003758541803754237,0.10406536008748743,0.0025654282435607755
0.8682634730538922,0.10379878128397053,0.00330936267936548,0.10379878128397053,0.00330936267936548,0.10432380458404278,0.0031202011413003416,0.10185735431210749,0.004342933690120676,0.1052432144011886,0.0030548606411224697,0.10511073783707722,0.0031905866382128884,0.10432380458404278,0.0031202011413003416,0.10432380458404278,0.0031202011413003416,0.10432721838868897,0.003117937007981076,0.09532179966055114,0.004567480831360413,0.10044343522910414,0.0037462628684786243,0.10208960822943983,0.0035884692047001587,0.10432380458404278,0.0031202011413003416
0.874251497005988,0.10410918662809346,0.002901956349299485,0.10410918662809346,0.002901956349299485,0.103891874727321,0.0032041713141290435,0.10200945114436215,0.004469175789405301,0.10497883221936836,0.002764331008454278,0.10540471812287705,0.002836464499724004,0.103891874727321,0.0032041713141290435,0.103891874727321,0.0032041713141290435,0.103891874727321,0.0032041713141290435,0.0957584778127605,0.004612835618182901,0.10004153786456749,0.003864188493804573,0.10268896215990798,0.0037457379890903737,0.103891874727321,0.0032041713141290435
0.8802395209580839,0.1038331701641991,0.0026629516556796783,0.1038331701641991,0.0026629516556796783,0.10341950957061483,0.0031754953188930755,0.10175266780820832,0.004552819386815216,0.10487116907498924,0.0031569195375503968,0.10523089334442151,0.0025709728607894076,0.10341950957061483,0.0031754953188930755,0.10341950957061483,0.0031754953188930755,0.10341950957061483,0.0031754953188930755,0.09620482094433844,0.004220795774985861,0.10038472701903103,0.004170970078854421,0.10316966098993002,0.0034505424698971364,0.10341950957061483,0.0031754953188930755
0.8862275449101796,0.10340544208884239,0.0027380586013444315,0.10340544208884239,0.0027380586013444315,0.10322382562869305,0.002911693707399397,0.10186435956809972,0.0047973013848065914,0.10503893560134712,0.003310577174159826,0.10506799286567513,0.0025023851638901434,0.10322382562869305,0.002911693707399397,0.10322382562869305,0.002911693707399397,0.10292593409886232,0.0031993091154576673,0.09652250572233587,0.0036705652063309118,0.10042044762018565,0.0038347285092052573,0.10301343311329147,0.0031731201272923804,0.10322382562869305,0.002911693707399397
0.8922155688622755,0.10315112949617757,0.002356661454650109,0.10315112949617757,0.002356661454650109,0.10317139237519078,0.0030803947575240983,0.10197421788369249,0.0042875690280663546,0.10514458056259485,0.0028507080546970095,0.10491212964853194,0.0023902014935764,0.10317139237519078,0.0030803947575240983,0.10317139237519078,0.0030803947575240983,0.10317139237519078,0.0030803947575240983,0.09705648656259447,0.004795958197489093,0.10025522702892353,0.0036017784304275416,0.10274329051475398,0.0029462419626241384,0.10317139237519078,0.0030803947575240983
0.8982035928143712,0.10277134001255034,0.0024052863638610185,0.10277134001255034,0.0024052863638610185,0.10332312166690827,0.0026056432622007684,0.1025716402133306,0.0035902589438183406,0.1050662476987301,0.0027967602169847354,0.10473962378210412,0.002255652581377217,0.10332312166690827,0.0026056432622007684,0.10332312166690827,0.0026056432622007684,0.10275943974653881,0.002989536406929911,0.0972219439347585,0.004756868642317344,0.10077483018239339,0.0029105107802184795,0.10224077026049297,0.0030172446651899436,0.10332312166690827,0.0026056432622007684
0.9041916167664671,0.10229383320208418,0.002482366402022432,0.10229383320208418,0.002482366402022432,0.10299278233224983,0.002386294486537663,0.10256866094292394,0.003720402362970754,0.10503137813319002,0.0024401516104211683,0.10453638790674127,0.0026131484441790868,0.10299278233224983,0.002386294486537663,0.10299278233224983,0.002386294486537663,0.10299278233224983,0.002386294486537663,0.0967602628153681,0.004614521569263307,0.10117960982764794,0.0027815745981784714,0.10233737804637051,0.002499509165860216,0.10299278233224983,0.002386294486537663
0.9101796407185628,0.10204268119444973,0.002872664677473078,0.10204268119444973,0.002872664677473078,0.10246806670176356,0.0024920283767323574,0.10276294617276442,0.0037029965804542663,0.10484937519942206,0.002493413118855688,0.10411573005672879,0.0027454516528894117,0.10246806670176356,0.0024920283767323574,0.10246806670176356,0.0024920283767323574,0.10246806670176356,0.0024920283767323574,0.09720429023237605,0.004775681243615367,0.10100712333070604,0.0025653561185399365,0.10223578102886677,0.0029137419466038024,0.10246806670176356,0.0024920283767323574
0.9161676646706587,0.10245057862568525,0.0027994966384540187,0.10245057862568525,0.0027994966384540187,0.10290039530376983,0.0023544779925881837,0.10311671380513635,0.0038721963070981985,0.10486618093065886,0.002021806116094526,0.10405024798127482,0.002830005065498504,0.10290039530376983,0.0023544779925881837,0.10290039530376983,0.0023544779925881837,0.10290039530376983,0.0023544779925881837,0.0974866064155803,0.004821221806144231,0.10139927336203507,0.002903212564551867,0.10212564741084779,0.003009222968535863,0.10290039530376983,0.0023544779925881837
0.9221556886227545,0.10211955668864311,0.002604091258313803,0.10211955668864311,0.002604091258313803,0.10292179582567959,0.002410918938494873,0.1043180198251427,0.0035562781743464548,0.1049512191150879,0.0018608359768726452,0.1036690009003345,0.002984732614223117,0.10292179582567959,0.002410918938494873,0.10292179582567959,0.002410918938494873,0.10265131497924979,0.002651519153710245,0.09801599499467131,0.0046170171179962605,0.10125442584613702,0.002817970676998585,0.10225778943919517,0.002459846786228689,0.10292179582567959,0.002410918938494873
0.9281437125748503,0.10194774452717073,0.002805411161284518,0.10194774452717073,0.002805411161284518,0.1023327290050445,0.0024007542322929394,0.10406420836525579,0.0034832823009864067,0.10490969292832453,0.0018189711010620565,0.10414282437547054,0.002783415221437923,0.1023327290050445,0.0024007542322929394,0.1023327290050445,0.0024007542322929394,0.1023327290050445,0.0024007542322929394,0.09819557724460479,0.004338150927543786,0.1015106975070892,0.003143162193974563,0.10258547942484578,0.0023902759834471573,0.1023327290050445,0.0024007542322929394
0.9341317365269461,0.10234729687754925,0.00289881667596612,0.10234729687754925,0.00289881667596612,0.10211348944367507,0.0027080163238375897,0.10455580361378498,0.002917683168328264,0.10526083178221081,0.001778069288078654,0.10374668763592124,0.002897621433229498,0.10211348944367507,0.0027080163238375897,0.10211348944367507,0.0027080163238375897,0.10211348944367507,0.0027080163238375897,0.09822633107885337,0.004119393343165637,0.10129230794234154,0.0030040053100741358,0.10245492022771102,0.0023649313077740235,0.10211348944367507,0.0027080163238375897
0.9401197604790419,0.10217523052813901,0.0025979088379310157,0.10217523052813901,0.0025979088379310157,0.10210528286399355,0.0025501655924440566,0.10470094090434397,0.0027559095387921792,0.10569303607946584,0.001518619740050357,0.10388550045465804,0.0032118217308918884,0.10210528286399355,0.0025501655924440566,0.10210528286399355,0.0025501655924440566,0.10210528286399355,0.0025501655924440566,0.09873542664157357,0.003964460342364342,0.10147368148633629,0.0032615797405024884,0.10301219154695038,0.0027945846913500307,0.10210528286399355,0.0025501655924440566
0.9461077844311377,0.1017752205835113,0.0026543391112737232,0.1017752205835113,0.0026543391112737232,0.10173739266546467,0.0025790845557949237,0.10453886680210692,0.0024993884790490122,0.10571652081380167,0.001697917391862266,0.10435870257923124,0.0027647289521994735,0.10173739266546467,0.0025790845557949237,0.10173739266546467,0.0025790845557949237,0.10173739266546467,0.0025790845557949237,0.09860182119698464,0.004019727383838447,0.10154000103850908,0.0027258604972080357,0.10297797639158707,0.002331047200465408,0.10173739266546467,0.0025790845557949237
0.9520958083832335,0.10129205732600494,0.00261141182022613,0.10129205732600494,0.00261141182022613,0.10155685217875354,0.00230327730863754,0.10445020380634931,0.002233001482273385,0.10572226791176577,0.001815697568949716,0.10453146663766408,0.0029844253895142544,0.10155685217875354,0.00230327730863754,0.10155685217875354,0.00230327730863754,0.10158144781049692,0.0022734737675659065,0.0988621821381011,0.003908411992692067,0.1015962485997182,0.003011390263310911,0.10261765637862608,0.0021317268083086154,0.10155685217875354,0.00230327730863754
0.9580838323353293,0.10109151322394609,0.0022675520862916222,0.10109151322394609,0.0022675520862916222,0.10131062110885979,0.002416057104521987,0.10426963930949569,0.002004350510783165,0.10578484334815628,0.0022873214949167475,0.10462239072490818,0.00272980677336117,0.10131062110885979,0.002416057104521987,0.10131062110885979,0.002416057104521987,0.10131062110885979,0.002416057104521987,0.09937818972393869,0.0037007977588751346,0.10149730006232857,0.002935251931454544,0.10234462078660728,0.0021547436763587127,0.10131062110885979,0.002416057104521987
0.9640718562874252,0.10123775899410248,0.0026408938893320694,0.10123775899410248,0.0026408938893320694,0.10151764389520847,0.002422362337264687,0.1047080277656176,0.0019643219556055307,0.10579686712896358,0.002057879266104305,0.10443082853625776,0.002771904295779445,0.10151764389520847,0.002422362337264687,0.10151764389520847,0.002422362337264687,0.10144216229456551,0.0023247914242655074,0.09951308323359638,0.0035517331641968927,0.10097035839690925,0.0028942956758220505,0.10200354614243004,0.0022016647206401846,0.10151764389520847,0.002422362337264687
0.9700598802395209,0.1006220891887759,0.002612780052316477,0.1006220891887759,0.002612780052316477,0.10150816411147884,0.0023644841538310417,0.1049224293710273,0.002307305517666642,0.10577894787217285,0.0016249855766235462,0.10444674533682025,0.0029659824761532876,0.10150816411147884,0.0023644841538310417,0.10150816411147884,0.0023644841538310417,0.10127502100335227,0.0020365439081668434,0.09952425662382149,0.00339683665511811,0.1011175604330169,0.0022955579604558634,0.10172425560009332,0.002402528485085103,0.10150816411147884,0.0023644841538310417
0.9760479041916168,0.10081552992934831,0.0027752654201713854,0.10081552992934831,0.0027752654201713854,0.10127311295892563,0.002603254990414972,0.10469006577883762,0.002696923528130919,0.10551434629857989,0.001749505738682895,0.10437611241606198,0.002915178785274235,0.10127311295892563,0.002603254990414972,0.10127311295892563,0.002603254990414972,0.10127311295892563,0.002603254990414972,0.10028726767542903,0.002604998451937281,0.10064232486523002,0.0022791672966183864,0.10137261249170713,0.0025670516483010134,0.10127311295892563,0.002603254990414972
0.9820359281437125,0.10076949609125534,0.0024817909471469826,0.10076949609125534,0.0024817909471469826,0.10076949609125534,0.0024817909471469826,0.10488536354245209,0.0027114461498072362,0.1051277701998799,0.001955792331602542,0.1042755892369975,0.0027076420716847837,0.10076949609125534,0.0024817909471469826,0.10076949609125534,0.0024817909471469826,0.10076949609125534,0.0024817909471469826,0.10098669423562724,0.0031673273753675185,0.10039852223381764,0.002166115100394631,0.10096974734489511,0.002655226117400042,0.10076949609125534,0.0024817909471469826
0.9880239520958084,0.10167221625645956,0.0023691762230749597,0.10167221625645956,0.0023691762230749597,0.10070795308459889,0.0024370718590794775,0.10457308436885025,0.0025423694948154374,0.10476035784028918,0.002060761056075904,0.10413697254817816,0.0027750936010691573,0.10070795308459889,0.0024370718590794775,0.10070795308459889,0.0024370718590794775,0.10070795308459889,0.0024370718590794775,0.10140061568130146,0.002580060044688852,0.1010619235761238,0.002915184743461357,0.10070795308459889,0.0024370718590794775,0.10070795308459889,0.0024370718590794775
0.9940119760479041,0.10179155858525311,0.0023965236022368626,0.10179155858525311,0.0023965236022368626,0.10179155858525311,0.0023965236022368626,0.10453984320881855,0.0020791261831103925,0.10455768026401321,0.0021904576929666054,0.10411324720684863,0.0027544771955960038,0.10179155858525311,0.0023965236022368626,0.10179155858525311,0.0023965236022368626,0.10179155858525311,0.0023965236022368626,0.10171051888939846,0.0023563330537760933,0.10179155858525311,0.0023965236022368626,0.10179155858525311,0.0023965236022368626,0.10179155858525311,0.0023965236022368626
1.0,0.10443638916501027,0.0021963799360165738,0.10443638916501027,0.0021963799360165738,0.10443638916501027,0.0021963799360165738,0.10443638916501027,0.0021963799360165738,0.10443638916501027,0.0021963799360165738,0.10443638916501027,0.0021963799360165738,0.10443638916501027,0.0021963799360165738,0.10443638916501027,0.0021963799360165738,0.10443638916501027,0.0021963799360165738,0.10443638916501027,0.0021963799360165738,0.10443638916501027,0.0021963799360165738,0.10443638916501027,0.0021963799360165738,0.10443638916501027,0.0021963799360165738
