Coverage,Equally-w. class avg. (Mean Risk),Equally-w. class avg. (Std Dev),Imbalance-w. class avg. (Mean Risk),Imbalance-w. class avg. (Std Dev),Mean (Mean Risk),Mean (Std Dev),Threshold 0.3 (Mean Risk),Threshold 0.3 (Std Dev),Threshold 0.4 (Mean Risk),Threshold 0.4 (Std Dev),Threshold 0.5 (Mean Risk),Threshold 0.5 (Std Dev),Quantile 0.6 (Mean Risk),Quantile 0.6 (Std Dev),Quantile 0.75 (Mean Risk),Quantile 0.75 (Std Dev),Quantile 0.9 (Mean Risk),Quantile 0.9 (Std Dev),Patch 10 (Mean Risk),Patch 10 (Std Dev),Patch 20 (Mean Risk),Patch 20 (Std Dev),Patch 50 (Mean Risk),Patch 50 (Std Dev)
0.0,0.2289024293422699,0.0462132930387736,0.2289024293422699,0.0462132930387736,0.185480248183012,0.020761394086251474,0.23536451539445308,0.020488725474347973,0.22588308930397033,0.006432163766542514,0.22376748100366622,0.02801913421673172,0.185480248183012,0.020761394086251474,0.185480248183012,0.020761394086251474,0.185480248183012,0.020761394086251474,0.185480248183012,0.020761394086251474,0.185480248183012,0.020761394086251474,0.185480248183012,0.020761394086251474
0.009523809523809525,0.2289024293422699,0.0462132930387736,0.2289024293422699,0.0462132930387736,0.185480248183012,0.020761394086251474,0.23536451539445308,0.020488725474347973,0.22588308930397033,0.006432163766542514,0.22376748100366622,0.02801913421673172,0.185480248183012,0.020761394086251474,0.185480248183012,0.020761394086251474,0.185480248183012,0.020761394086251474,0.185480248183012,0.020761394086251474,0.185480248183012,0.020761394086251474,0.185480248183012,0.020761394086251474
0.01904761904761905,0.19643862545490265,0.03078939109975426,0.19643862545490265,0.03078939109975426,0.1914107073098421,0.01280498259434745,0.22198112873781112,0.023020710252109274,0.2363762616366148,0.02588724556106337,0.22719634809043437,0.03238285020778838,0.1914107073098421,0.01280498259434745,0.1914107073098421,0.01280498259434745,0.1914107073098421,0.01280498259434745,0.20502079464495182,0.03550332222419135,0.1914107073098421,0.01280498259434745,0.1914107073098421,0.01280498259434745
0.02857142857142857,0.19355357314149538,0.021608032255390416,0.19355357314149538,0.021608032255390416,0.1980325865248839,0.030561321114491717,0.22302334264962265,0.016776091656988696,0.22567855596542358,0.019915667948742048,0.22556512480424273,0.019627987769065863,0.1980325865248839,0.030561321114491717,0.1980325865248839,0.030561321114491717,0.1980325865248839,0.030561321114491717,0.20205649733543393,0.02957165766128865,0.1980325865248839,0.030561321114491717,0.1980325865248839,0.030561321114491717
0.0380952380952381,0.19653688929975033,0.022363321362206867,0.19653688929975033,0.022363321362206867,0.19510121550410986,0.020238367812693062,0.22353980696249393,0.008356596863779046,0.22403667151927947,0.008152009332187139,0.2179132832258585,0.02216562410159608,0.19510121550410986,0.020238367812693062,0.19510121550410986,0.020238367812693062,0.19510121550410986,0.020238367812693062,0.20398468989878893,0.02109278105587377,0.19510121550410986,0.020238367812693062,0.19510121550410986,0.020238367812693062
0.047619047619047616,0.19074931368231773,0.012733360198937633,0.19074931368231773,0.012733360198937633,0.1992292135953903,0.011675788461142006,0.21736925548363117,0.011000643901248438,0.22126001298427583,0.012893627098514899,0.21680323705520657,0.02293883571425735,0.1992292135953903,0.011675788461142006,0.1992292135953903,0.011675788461142006,0.1992292135953903,0.011675788461142006,0.1988059960305691,0.011831941741916282,0.1992292135953903,0.011675788461142006,0.1992292135953903,0.011675788461142006
0.05714285714285714,0.1912932222088178,0.014895138913208768,0.1912932222088178,0.014895138913208768,0.19602372931937379,0.009474255427474647,0.21637313011833417,0.014654862494496459,0.22174632703264552,0.017057239876250914,0.21918270041988722,0.03192877050573885,0.19602372931937379,0.009474255427474647,0.19602372931937379,0.009474255427474647,0.19602372931937379,0.009474255427474647,0.20890753188480934,0.015151474586637168,0.19602372931937379,0.009474255427474647,0.19602372931937379,0.009474255427474647
0.06666666666666667,0.1886564849742821,0.018840957601479587,0.1886564849742821,0.018840957601479587,0.2099105790257454,0.013249822035655608,0.21947863012174582,0.01056173696983897,0.22208613080637796,0.01128955910734562,0.22129436934012034,0.03394827310967215,0.2099105790257454,0.013249822035655608,0.2099105790257454,0.013249822035655608,0.2099105790257454,0.013249822035655608,0.20621448568999767,0.011719764646696149,0.2099105790257454,0.013249822035655608,0.2099105790257454,0.013249822035655608
0.0761904761904762,0.18478554440662265,0.016448212229893188,0.18478554440662265,0.016448212229893188,0.21255034999921918,0.01288702129454223,0.2189621604648569,0.009779170054227852,0.24030347489286213,0.033660493927454786,0.2363048292042333,0.06175887247954171,0.21255034999921918,0.01288702129454223,0.21255034999921918,0.01288702129454223,0.21255034999921918,0.01288702129454223,0.21338053653016686,0.013266084532254134,0.21255034999921918,0.01288702129454223,0.21255034999921918,0.01288702129454223
0.08571428571428572,0.1867236437069045,0.01720486741700459,0.1867236437069045,0.01720486741700459,0.21320969983935356,0.015067474798550862,0.21893062738294458,0.013820371062784158,0.2354434538094534,0.03193543115829672,0.2312405235488855,0.05209276829756091,0.21320969983935356,0.015067474798550862,0.21320969983935356,0.015067474798550862,0.21320969983935356,0.015067474798550862,0.21308868957890406,0.015029543232263765,0.21320969983935356,0.015067474798550862,0.21320969983935356,0.015067474798550862
0.09523809523809523,0.19015794545412062,0.016256284816692224,0.19015794545412062,0.016256284816692224,0.22079440467059613,0.02071842923271545,0.21413533917117503,0.014143943913611656,0.2398419372923672,0.03311306915168023,0.23066720562499193,0.04639787590615971,0.22079440467059613,0.02071842923271545,0.22079440467059613,0.02071842923271545,0.22079440467059613,0.02071842923271545,0.2158678036183119,0.018223439626480244,0.21582865826785566,0.01821825753620338,0.22079440467059613,0.02071842923271545
0.10476190476190476,0.2079217079180208,0.013602844976896445,0.2079217079180208,0.013602844976896445,0.21825843812389809,0.023279547313419486,0.20894128970714432,0.01782071678788317,0.23579023579643532,0.030303232783243653,0.22733813458650465,0.04170414608529126,0.21825843812389809,0.023279547313419486,0.21825843812389809,0.023279547313419486,0.21825843812389809,0.023279547313419486,0.2138797678053379,0.02109425763091819,0.21835849603468724,0.023355889893156397,0.21825843812389809,0.023279547313419486
0.11428571428571428,0.20586397289298472,0.01685232900647183,0.20586397289298472,0.01685232900647183,0.2169353784993291,0.021585057442299823,0.2089413271576006,0.018749530790150383,0.23458670303535958,0.028630342901168095,0.22439596270033646,0.03759153951743082,0.2169353784993291,0.021585057442299823,0.2169353784993291,0.021585057442299823,0.2169353784993291,0.021585057442299823,0.21664548261711994,0.02133154756468438,0.21652114174018303,0.021225525482646862,0.2169353784993291,0.021585057442299823
0.12380952380952381,0.20615131214547613,0.015958612303093502,0.20615131214547613,0.015958612303093502,0.21679925603362232,0.02071441701220035,0.21986199441428295,0.027751275445752347,0.2326153603568673,0.02802159073364555,0.22200325924200398,0.030961400408721102,0.21679925603362232,0.02071441701220035,0.21679925603362232,0.02071441701220035,0.21679925603362232,0.02071441701220035,0.21573626106748214,0.019701581952020306,0.21608852165249678,0.020024145406879263,0.21608852165249678,0.020024145406879263
0.13333333333333333,0.20397538671802196,0.01365216836135898,0.20397538671802196,0.01365216836135898,0.21895323201481784,0.015445289389019422,0.21689214623288555,0.02669077641598733,0.23222949498732176,0.023501683346165647,0.22861613585125834,0.03860316197810037,0.21895323201481784,0.015445289389019422,0.21895323201481784,0.015445289389019422,0.21895323201481784,0.015445289389019422,0.21593861122216496,0.017209735325729173,0.2194241645878979,0.015930826994121114,0.2194241645878979,0.015930826994121114
0.14285714285714285,0.20093927141278983,0.01302775484044386,0.20093927141278983,0.01302775484044386,0.2191155817359686,0.015333739984100276,0.21749708913066373,0.023576800289951395,0.22937887992709877,0.020733537643393835,0.22806591075357224,0.03309038650705696,0.2191155817359686,0.015333739984100276,0.2191155817359686,0.015333739984100276,0.2191155817359686,0.015333739984100276,0.21822553537786007,0.014228484515719269,0.21775990140934784,0.013683931890867015,0.21775990140934784,0.013683931890867015
0.1523809523809524,0.19614510872634128,0.011233341539976925,0.19614510872634128,0.011233341539976925,0.21938185312319547,0.01481656201382934,0.21908275119682413,0.018134832120663465,0.22807958687888458,0.023752216309700196,0.2257849811737071,0.03404379239513702,0.21938185312319547,0.01481656201382934,0.21938185312319547,0.01481656201382934,0.21938185312319547,0.01481656201382934,0.21813536866102368,0.013374544633127535,0.21938185312319547,0.01481656201382934,0.21938185312319547,0.01481656201382934
0.1619047619047619,0.1961901802021791,0.009408647395300205,0.1961901802021791,0.009408647395300205,0.21886077380793934,0.01355880896407888,0.2190180027581737,0.015629694095889612,0.2254903469037484,0.02264884585532295,0.22438168040755876,0.031574033319484746,0.21886077380793934,0.01355880896407888,0.21886077380793934,0.01355880896407888,0.21886077380793934,0.01355880896407888,0.21888686157763004,0.013525901007760223,0.21888606743339228,0.013524864005939252,0.21886077380793934,0.01355880896407888
0.17142857142857143,0.1992223059448103,0.007359577710701987,0.1992223059448103,0.007359577710701987,0.2184188725012872,0.01242166716823144,0.21985778844611564,0.01569158717914099,0.22637902193806236,0.02300136001174306,0.22178951416401163,0.02990859428750707,0.2184188725012872,0.01242166716823144,0.2184188725012872,0.01242166716823144,0.2184188725012872,0.01242166716823144,0.2191235637292266,0.013270276045370037,0.2184188725012872,0.01242166716823144,0.2184188725012872,0.01242166716823144
0.18095238095238095,0.19962367057604224,0.006805676007798768,0.19962367057604224,0.006805676007798768,0.21638369785719797,0.011155551228055642,0.2214601891912229,0.01775474734895949,0.22490893790008207,0.021417882757422742,0.22213439142873004,0.02977446417081356,0.21638369785719797,0.011155551228055642,0.21638369785719797,0.011155551228055642,0.21638369785719797,0.011155551228055642,0.2172295132553891,0.012148531959667553,0.21763770782241695,0.012660576127991787,0.21638369785719797,0.011155551228055642
0.19047619047619047,0.19809003300033506,0.005925373918843287,0.19809003300033506,0.005925373918843287,0.21674723476171495,0.009797422849656961,0.2213443829813191,0.0170419537135582,0.22891572655178608,0.026109295279285346,0.22021697764728396,0.02790647269897268,0.21674723476171495,0.009797422849656961,0.21674723476171495,0.009797422849656961,0.21674723476171495,0.009797422849656961,0.21813643909990788,0.011484214474567106,0.21733291447162628,0.01047434518091933,0.21674723476171495,0.009797422849656961
0.2,0.19887351958702007,0.006711296525545342,0.19887351958702007,0.006711296525545342,0.21609912582096602,0.010801820243449722,0.21960799920926305,0.017657600680075873,0.22692360213292495,0.025327398044442388,0.21705630476187385,0.02711141249626492,0.21609912582096602,0.010801820243449722,0.21609912582096602,0.010801820243449722,0.21609912582096602,0.010801820243449722,0.21628759712690399,0.011024654518412124,0.21609912582096602,0.010801820243449722,0.21609912582096602,0.010801820243449722
0.20952380952380953,0.20393898314796388,0.016143562799192553,0.20393898314796388,0.016143562799192553,0.21574870564720847,0.010005055417183207,0.217529390279007,0.01835175286247893,0.22386100888421592,0.024049578644703376,0.21974440382559707,0.03397677444504077,0.21574870564720847,0.010005055417183207,0.21574870564720847,0.010005055417183207,0.21574870564720847,0.010005055417183207,0.21681851690465753,0.010551786276121598,0.21661947210404006,0.010901414898469386,0.21574870564720847,0.010005055417183207
0.21904761904761905,0.20660119781108655,0.01871903728138467,0.20660119781108655,0.01871903728138467,0.2163737876259762,0.009167078943796524,0.21791857474863655,0.017118057478593792,0.22347953285374073,0.025050662034271753,0.21828006502360445,0.033137875625528265,0.2163737876259762,0.009167078943796524,0.2163737876259762,0.009167078943796524,0.2163737876259762,0.009167078943796524,0.21612380720351054,0.009175204612668662,0.2162061427598414,0.009281752390649196,0.2163737876259762,0.009167078943796524
0.22857142857142856,0.209485848453672,0.01851069054812253,0.209485848453672,0.01851069054812253,0.2153610909978549,0.009618223868038485,0.22100905230223772,0.021494183188875988,0.22319892144606757,0.023650398234653525,0.21828300257191238,0.031353785753856056,0.2153610909978549,0.009618223868038485,0.2153610909978549,0.009618223868038485,0.2153610909978549,0.009618223868038485,0.21711768908426166,0.007872279743021742,0.21461505970607203,0.008991062573950458,0.2153610909978549,0.009618223868038485
0.23809523809523808,0.20826575817540288,0.017506147088277114,0.20826575817540288,0.017506147088277114,0.21606628328561783,0.0076851965558046385,0.2204177699466386,0.021649251343195144,0.22223277542740105,0.022372769796236307,0.2178820031553152,0.02954524598352494,0.21606628328561783,0.0076851965558046385,0.21606628328561783,0.0076851965558046385,0.21606628328561783,0.0076851965558046385,0.2159674893319607,0.006977895372523274,0.2148213469982147,0.006376629646758215,0.21606628328561783,0.0076851965558046385
0.24761904761904763,0.21262947364280432,0.014600135781463417,0.21262947364280432,0.014600135781463417,0.21567905565293935,0.008859764210324196,0.22390501504468155,0.018970479796605724,0.2218841402189663,0.02171801780536112,0.21795203802977509,0.0295539393133592,0.21567905565293935,0.008859764210324196,0.21567905565293935,0.008859764210324196,0.21655331208155706,0.00821441963132179,0.21532597708014342,0.006588718787268254,0.2149573047287189,0.0062464348041980965,0.21567905565293935,0.008859764210324196
0.2571428571428571,0.2117273909798651,0.01295345737303935,0.2117273909798651,0.01295345737303935,0.21540685894864575,0.008753097767213856,0.22413151203281956,0.019350448292132498,0.22088518827187795,0.02181301650949863,0.2176911668620373,0.02964368615747722,0.21540685894864575,0.008753097767213856,0.21540685894864575,0.008753097767213856,0.21540685894864575,0.008753097767213856,0.2155731370051702,0.007536640535079166,0.2146343301843714,0.007926429081475572,0.21540685894864575,0.008753097767213856
0.26666666666666666,0.21023671224247664,0.011426391922280264,0.21023671224247664,0.011426391922280264,0.21532205199556692,0.008408438146530495,0.2233343441307562,0.019097921654501863,0.21993448046302155,0.021740257130158817,0.21684586192658614,0.0284480078355262,0.21532205199556692,0.008408438146530495,0.21532205199556692,0.008408438146530495,0.21532205199556692,0.008408438146530495,0.2145159678267581,0.007699866272485157,0.21484715757625444,0.007965932425716943,0.21532205199556692,0.008408438146530495
0.2761904761904762,0.20827779881977315,0.010585319544092479,0.20827779881977315,0.010585319544092479,0.21484989981199135,0.0075370721420116886,0.22176270587918856,0.017824541195778462,0.218328192903307,0.020579164902441698,0.21520554672342485,0.02671395076624311,0.21484989981199135,0.0075370721420116886,0.21484989981199135,0.0075370721420116886,0.21484989981199135,0.0075370721420116886,0.21428328354297013,0.007004136684454997,0.21385595497900042,0.006584624836719773,0.21484989981199135,0.0075370721420116886
0.2857142857142857,0.20725031974725425,0.009850160698288514,0.20725031974725425,0.009850160698288514,0.2139843457688888,0.007636794907639006,0.22118356131437805,0.01908613557166032,0.2195394585095346,0.018548017344000862,0.21487330592991344,0.02619762286909948,0.2139843457688888,0.007636794907639006,0.2139843457688888,0.007636794907639006,0.2139843457688888,0.007636794907639006,0.21321032581230004,0.006855398965964262,0.21323282830417156,0.006879513495107158,0.2139843457688888,0.007636794907639006
0.29523809523809524,0.21007730272568523,0.006098876583993595,0.21007730272568523,0.006098876583993595,0.21364946254799444,0.00840408576769107,0.2200756130980388,0.01950276310331108,0.21913175618095745,0.01840641442926157,0.21378517482392545,0.024142206602664487,0.21364946254799444,0.00840408576769107,0.21364946254799444,0.00840408576769107,0.21364946254799444,0.00840408576769107,0.21215035225595197,0.007657993726373328,0.21260213575536205,0.007185011962108178,0.21364946254799444,0.00840408576769107
0.3047619047619048,0.20928323060797993,0.004767802560985139,0.20928323060797993,0.004767802560985139,0.2130294890375808,0.007030579529673173,0.21854194058687426,0.019178268159351527,0.21760167679865844,0.01948795190352842,0.21273582805740826,0.023719126484133105,0.2130294890375808,0.007030579529673173,0.2130294890375808,0.007030579529673173,0.2130294890375808,0.007030579529673173,0.2126258531352505,0.007873301402542604,0.21183698193635792,0.007263741837584859,0.2130294890375808,0.007030579529673173
0.3142857142857143,0.20913768854613107,0.004730548278136738,0.20913768854613107,0.004730548278136738,0.21194079698938312,0.00643543693331002,0.2179310665268338,0.018077555954178086,0.2159775656834245,0.019807057851996365,0.21138094853150186,0.02305357748631391,0.21194079698938312,0.00643543693331002,0.21194079698938312,0.00643543693331002,0.21194079698938312,0.00643543693331002,0.21182551415580692,0.006822130597438521,0.21110730200554384,0.006243488492378925,0.21194079698938312,0.00643543693331002
0.3238095238095238,0.20843421669183845,0.005734533693875932,0.20843421669183845,0.005734533693875932,0.21119202870656462,0.006501496027460439,0.21761260469279747,0.01877432226231129,0.21838975708383848,0.01481439512740671,0.21094103579250287,0.024325113085121298,0.21119202870656462,0.006501496027460439,0.21119202870656462,0.006501496027460439,0.21119202870656462,0.006501496027460439,0.21048502536380992,0.006391270824549168,0.20988122647737756,0.006363504937055093,0.21119202870656462,0.006501496027460439
0.3333333333333333,0.21069619954962815,0.0025499561125588172,0.21069619954962815,0.0025499561125588172,0.21032607204147746,0.0054317500268700036,0.21635256529386554,0.018028531775550187,0.2175450698658824,0.015149560297153237,0.21037870361247943,0.025093060513531523,0.21032607204147746,0.0054317500268700036,0.21032607204147746,0.0054317500268700036,0.21032607204147746,0.0054317500268700036,0.20990415588021277,0.005301304964916345,0.20975750408002308,0.00517282221514762,0.21032607204147746,0.0054317500268700036
0.34285714285714286,0.20959182322904882,0.0024902070962479535,0.20959182322904882,0.0024902070962479535,0.20927563878811067,0.005572315235301513,0.21502645657811728,0.01841997809426644,0.21782447616362738,0.015981971645658604,0.2092373501605517,0.024721911136797146,0.20927563878811067,0.005572315235301513,0.20927563878811067,0.005572315235301513,0.20927563878811067,0.005572315235301513,0.20884215169482762,0.005718653480497151,0.20853597525921136,0.005444435522556334,0.20943923708465365,0.005733184787125268
0.3523809523809524,0.20763602723191316,0.002832429938125197,0.20763602723191316,0.002832429938125197,0.2086186455311002,0.004964754063012412,0.2142940665268012,0.018973221488929704,0.21838842616391343,0.015165464580403413,0.21081877871281066,0.02072862138468684,0.2086186455311002,0.004964754063012412,0.2086186455311002,0.004964754063012412,0.2086186455311002,0.004964754063012412,0.20837582788757375,0.005262695810785716,0.2083833585115703,0.005648329788335985,0.2089567758344315,0.005276893907880942
0.3619047619047619,0.20697203740526576,0.0030317657762371354,0.20697203740526576,0.0030317657762371354,0.20818663986497804,0.0056333276273773936,0.21711921405145213,0.020460250260488966,0.2188961346378844,0.014798708032294302,0.2102764523044266,0.02058522154912154,0.20818663986497804,0.0056333276273773936,0.20818663986497804,0.0056333276273773936,0.20818663986497804,0.0056333276273773936,0.2072343997853367,0.0061404774296471565,0.20780462056006258,0.005854272027564734,0.20818663986497804,0.0056333276273773936
0.37142857142857144,0.205857440459136,0.0035269531766241678,0.205857440459136,0.0035269531766241678,0.20756369246504244,0.005766826613012649,0.21639979341759896,0.020655823442725964,0.22094837488940894,0.01692430186934069,0.2095080441672478,0.019667856898622733,0.20756369246504244,0.005766826613012649,0.20756369246504244,0.005766826613012649,0.20756369246504244,0.005766826613012649,0.20716517303998655,0.007001553949431757,0.20786673652055937,0.006659274245323724,0.20756369246504244,0.005766826613012649
0.38095238095238093,0.20562900436343626,0.0039486162028585054,0.20562900436343626,0.0039486162028585054,0.20756122907623648,0.006038034741863919,0.2167043565539643,0.018061850374830945,0.22058307108934969,0.017302982597832927,0.209326587551983,0.01849964627552975,0.20756122907623648,0.006038034741863919,0.20756122907623648,0.006038034741863919,0.20756122907623648,0.006038034741863919,0.20703454641625282,0.007759705423468453,0.20803097328171133,0.007163241087444134,0.20756122907623648,0.006038034741863919
0.3904761904761905,0.20595987323989592,0.005053338173219192,0.20595987323989592,0.005053338173219192,0.2065232667799403,0.006228724401327211,0.21542889186430994,0.017852573275558826,0.22014387751770456,0.01806551269580483,0.2126523863568547,0.014451164983781939,0.2065232667799403,0.006228724401327211,0.2065232667799403,0.006228724401327211,0.20725442750788317,0.0072309816149585295,0.20704504911129068,0.007962618419116654,0.2077696933070334,0.0066874687312331715,0.2065232667799403,0.006228724401327211
0.4,0.2077587078037184,0.0035590800384326968,0.2077587078037184,0.0035590800384326968,0.20745134566511425,0.006709988760091799,0.21514896443113685,0.017877831584025314,0.21916294444795875,0.017858144258779247,0.21434077874624302,0.013426032350506956,0.20745134566511425,0.006709988760091799,0.20745134566511425,0.006709988760091799,0.20745134566511425,0.006709988760091799,0.20686732019696916,0.007189769997268446,0.20767791445056596,0.006804122853357518,0.20745134566511425,0.006709988760091799
0.4095238095238095,0.20851937565562684,0.005344316914369388,0.20851937565562684,0.005344316914369388,0.20754285018111385,0.006740661987936986,0.2147721922631527,0.018037960933409248,0.21924966791947914,0.01775264460572737,0.21467090956443885,0.013496579874329017,0.20754285018111385,0.006740661987936986,0.20754285018111385,0.006740661987936986,0.20754285018111385,0.006740661987936986,0.2071642825423285,0.007586257496735196,0.20754285018111385,0.006740661987936986,0.20754285018111385,0.006740661987936986
0.41904761904761906,0.20821474074513058,0.005552504082173741,0.20821474074513058,0.005552504082173741,0.20798107050359246,0.007021917711377465,0.21385873344049536,0.017353179526456184,0.21830021964809432,0.017941897632839446,0.2140631726733308,0.013878900373740035,0.20798107050359246,0.007021917711377465,0.20798107050359246,0.007021917711377465,0.20798107050359246,0.007021917711377465,0.20700667806985704,0.00724039673403566,0.20704244034872812,0.006646154424155369,0.20798107050359246,0.007021917711377465
0.42857142857142855,0.20863290930994682,0.005369870659727336,0.20863290930994682,0.005369870659727336,0.20799599153300125,0.007403710572344306,0.21259040333744553,0.017889210777866118,0.21771270354174904,0.017397901909316966,0.21428769901838332,0.012272583546621725,0.20799599153300125,0.007403710572344306,0.20799599153300125,0.007403710572344306,0.20799599153300125,0.007403710572344306,0.20768918837938044,0.008403837743645287,0.20799599153300125,0.007403710572344306,0.20799599153300125,0.007403710572344306
0.4380952380952381,0.2119000051373049,0.008802354133149457,0.2119000051373049,0.008802354133149457,0.2076309088860517,0.007685185756798453,0.21167918090182153,0.017335099475493918,0.21801514935153332,0.017320546297558755,0.21408775884939618,0.011909622046645732,0.2076309088860517,0.007685185756798453,0.2076309088860517,0.007685185756798453,0.2076309088860517,0.007685185756798453,0.20763871895716243,0.008233966198052297,0.2076309088860517,0.007685185756798453,0.2076309088860517,0.007685185756798453
0.44761904761904764,0.21094727510229702,0.008714677345268724,0.21094727510229702,0.008714677345268724,0.20684914461317214,0.007808304541646308,0.21207936090278498,0.01776340606234704,0.21685002676904835,0.016830201536640457,0.21419113396139478,0.010938971173570166,0.20684914461317214,0.007808304541646308,0.20684914461317214,0.007808304541646308,0.20684914461317214,0.007808304541646308,0.20712629693778273,0.008211001158474689,0.20755121646884908,0.008132330966276514,0.20684914461317214,0.007808304541646308
0.45714285714285713,0.2095962581418765,0.007890406135008365,0.2095962581418765,0.007890406135008365,0.20655209349934012,0.008182339513212995,0.21105784649262208,0.01738254883222596,0.21627457397912317,0.016130775934049994,0.21458821242808232,0.009619999219849884,0.20655209349934012,0.008182339513212995,0.20655209349934012,0.008182339513212995,0.20655209349934012,0.008182339513212995,0.20609421372258416,0.008177942725246214,0.20642237927919874,0.008107436101139108,0.20655209349934012,0.008182339513212995
0.4666666666666667,0.20938107502475684,0.007730353372821441,0.20938107502475684,0.007730353372821441,0.20826006859388888,0.007954449785414779,0.21198649991455734,0.01593017945799624,0.21556693389023446,0.016177603939848312,0.214247301924771,0.01036063161196265,0.20826006859388888,0.007954449785414779,0.20826006859388888,0.007954449785414779,0.20826006859388888,0.007954449785414779,0.2052075734780151,0.008027974192781492,0.20772861024098738,0.00763778513622726,0.20826006859388888,0.007954449785414779
0.47619047619047616,0.2090942262299359,0.007732376690684364,0.2090942262299359,0.007732376690684364,0.20999408241361378,0.009944312963058722,0.21429060044698417,0.020473577616505735,0.21523037096485495,0.016366258127790998,0.21340207532491715,0.00958096219616055,0.20999408241361378,0.009944312963058722,0.20999408241361378,0.009944312963058722,0.20999408241361378,0.009944312963058722,0.20603613425046205,0.007256816674124331,0.20912193719297648,0.009679659302044565,0.20999408241361378,0.009944312963058722
0.4857142857142857,0.21127093024551868,0.006526649148504829,0.21127093024551868,0.006526649148504829,0.208925126996987,0.01057508616823776,0.21413439938652457,0.020243396436349332,0.2167858780343451,0.013228593318970243,0.21342580501506686,0.00903099487188121,0.208925126996987,0.01057508616823776,0.208925126996987,0.01057508616823776,0.208925126996987,0.01057508616823776,0.20763702942606282,0.009364234062971204,0.20856864775951,0.0104799560596203,0.208925126996987,0.01057508616823776
0.49523809523809526,0.21223960211500525,0.007139237945996886,0.21223960211500525,0.007139237945996886,0.20858907832119328,0.010251160193019845,0.2132512108476546,0.020122336742292277,0.21640047325322836,0.012521694756066489,0.2127949849531846,0.008324564558126357,0.20858907832119328,0.010251160193019845,0.20858907832119328,0.010251160193019845,0.20858907832119328,0.010251160193019845,0.2069710658218425,0.010033644698094105,0.20876049576327205,0.010317165337944311,0.20858907832119328,0.010251160193019845
0.5047619047619047,0.21370718241581377,0.006644742327476643,0.21370718241581377,0.006644742327476643,0.2075686153586743,0.010117978580220881,0.2124876818127649,0.019854119777059972,0.2154951483749275,0.012793701311382622,0.21282709730564814,0.006770140146359171,0.2075686153586743,0.010117978580220881,0.2075686153586743,0.010117978580220881,0.2075686153586743,0.010117978580220881,0.20661582091366346,0.010409160633392145,0.20789114030886371,0.010244144977408482,0.2075686153586743,0.010117978580220881
0.5142857142857142,0.21261004117076043,0.007327745580906763,0.21261004117076043,0.007327745580906763,0.2073517415189633,0.010041652068052099,0.21198262849443214,0.019058775181352575,0.2146255361019737,0.013085872029531372,0.2121658399883441,0.007096230109720972,0.2073517415189633,0.010041652068052099,0.2073517415189633,0.010041652068052099,0.2073517415189633,0.010041652068052099,0.20614903706505341,0.010553877236527079,0.20696650000496045,0.009882884188478363,0.2073517415189633,0.010041652068052099
0.5238095238095238,0.21487645259635013,0.006511445103463099,0.21487645259635013,0.006511445103463099,0.20660365579480475,0.010122182397512036,0.21159061433070087,0.018105046030555308,0.2159188494255597,0.012101424946447257,0.2127742872363787,0.007928066312877251,0.20660365579480475,0.010122182397512036,0.20660365579480475,0.010122182397512036,0.20660365579480475,0.010122182397512036,0.2061278586699204,0.00968692426834735,0.20660365579480475,0.010122182397512036,0.20660365579480475,0.010122182397512036
0.5333333333333333,0.2136829372694982,0.005612075961963101,0.2136829372694982,0.005612075961963101,0.20646197571685274,0.009945738369955156,0.21287771962150664,0.017526805483204375,0.21506941400002688,0.011449864385693535,0.21289386765676593,0.007635330468153482,0.20646197571685274,0.009945738369955156,0.20646197571685274,0.009945738369955156,0.20646197571685274,0.009945738369955156,0.20506582399164994,0.009708873311597244,0.20646197571685274,0.009945738369955156,0.20646197571685274,0.009945738369955156
0.5428571428571428,0.21294293242196244,0.005506533721250845,0.21294293242196244,0.005506533721250845,0.20587940687281,0.00927511992563611,0.21252490471427637,0.018051349141770444,0.21410133534421524,0.011284869281865522,0.21268431121240694,0.007371985119300846,0.20587940687281,0.00927511992563611,0.20587940687281,0.00927511992563611,0.20587940687281,0.00927511992563611,0.20450425072850886,0.010021791649529299,0.20587940687281,0.00927511992563611,0.20587940687281,0.00927511992563611
0.5523809523809524,0.21291716682628312,0.005704865187479134,0.21291716682628312,0.005704865187479134,0.2050468941893557,0.008675804211488225,0.2121864991696102,0.017314683006141595,0.21349158814048458,0.011037971402028132,0.21308894095550884,0.0068063538938221415,0.2050468941893557,0.008675804211488225,0.2050468941893557,0.008675804211488225,0.2050468941893557,0.008675804211488225,0.20391457807272673,0.009395434641593882,0.2050468941893557,0.008675804211488225,0.2050468941893557,0.008675804211488225
0.5619047619047619,0.2127468365291923,0.006356890407975366,0.2127468365291923,0.006356890407975366,0.20532312960821694,0.008942626177135466,0.21142791333939814,0.017656251338981493,0.2143900138562766,0.009919572262509306,0.21280457406290496,0.006231769116847171,0.20532312960821694,0.008942626177135466,0.20532312960821694,0.008942626177135466,0.20532312960821694,0.008942626177135466,0.20339215682598494,0.008649419339877907,0.20532312960821694,0.008942626177135466,0.20532312960821694,0.008942626177135466
0.5714285714285714,0.21189383227999012,0.006011222850165907,0.21189383227999012,0.006011222850165907,0.20426895112420124,0.008698634486653709,0.2143700503356134,0.016423437329408205,0.21726360159615676,0.007170290877997885,0.21234131912212995,0.005157438256614716,0.20426895112420124,0.008698634486653709,0.20426895112420124,0.008698634486653709,0.20426895112420124,0.008698634486653709,0.20364228365942835,0.008983412500158793,0.20426895112420124,0.008698634486653709,0.20426895112420124,0.008698634486653709
0.580952380952381,0.21204671889665674,0.006934388668571418,0.21204671889665674,0.006934388668571418,0.2036815910737534,0.00793945557894192,0.21367964788996538,0.016334083252550355,0.2166124681835292,0.0071329498852218285,0.21153403161323334,0.004631535621019317,0.2036815910737534,0.00793945557894192,0.2036815910737534,0.00793945557894192,0.2036815910737534,0.00793945557894192,0.2024488994760103,0.008328403084708502,0.2037997557552623,0.007995840008299516,0.2036815910737534,0.00793945557894192
0.5904761904761905,0.21164425471497159,0.007378693854875368,0.21164425471497159,0.007378693854875368,0.20272247207861752,0.00769178723204804,0.21257899532605323,0.0162470903313244,0.21641176001679513,0.0073898092716663255,0.21175129646578442,0.004133965769670452,0.20272247207861752,0.00769178723204804,0.20272247207861752,0.00769178723204804,0.20272247207861752,0.00769178723204804,0.2013155802062923,0.007763659705015563,0.20272247207861752,0.00769178723204804,0.20272247207861752,0.00769178723204804
0.6,0.21167384688225058,0.007574878237663055,0.21167384688225058,0.007574878237663055,0.2023908727994514,0.007162162542881406,0.21463360827386616,0.014643746970737854,0.21597924834442517,0.007658361487154267,0.21131737648346832,0.004376787400994522,0.2023908727994514,0.007162162542881406,0.2023908727994514,0.007162162542881406,0.2023908727994514,0.007162162542881406,0.20048566951992963,0.006977486594255155,0.2023908727994514,0.007162162542881406,0.2023908727994514,0.007162162542881406
0.6095238095238096,0.21113001034245826,0.0070607581667095215,0.21113001034245826,0.0070607581667095215,0.20222977563389577,0.007576196091644093,0.21420014114846708,0.014506790801862025,0.21549009013688192,0.007119228133168598,0.21323162321794026,0.0023553191802024166,0.20222977563389577,0.007576196091644093,0.20222977563389577,0.007576196091644093,0.20222977563389577,0.007576196091644093,0.19964506136602722,0.006743635833867969,0.2019622994994279,0.007421387125870398,0.20222977563389577,0.007576196091644093
0.6190476190476191,0.21052244646617999,0.006864852935015231,0.21052244646617999,0.006864852935015231,0.20225430013468634,0.0075467827295653,0.21360385498891657,0.013841243286240028,0.21520762351843026,0.0072257457976090764,0.2142081930991194,0.0028239216043381846,0.20225430013468634,0.0075467827295653,0.20225430013468634,0.0075467827295653,0.20225430013468634,0.0075467827295653,0.19887873011712845,0.006583184567526615,0.2018482347807059,0.007245233653672952,0.20225430013468634,0.0075467827295653
0.6285714285714286,0.2111822695499568,0.0062534742917658035,0.2111822695499568,0.0062534742917658035,0.20238149993008736,0.007033597572093424,0.21487779805972945,0.012725039631484003,0.21622914061740495,0.00672481382886165,0.21363163600470145,0.0024571184533502015,0.20238149993008736,0.007033597572093424,0.20238149993008736,0.007033597572093424,0.20238149993008736,0.007033597572093424,0.19867720570641034,0.0061462157245558875,0.20238149993008736,0.007033597572093424,0.20238149993008736,0.007033597572093424
0.638095238095238,0.21060676191613747,0.006309768774608698,0.21060676191613747,0.006309768774608698,0.20216980145604752,0.007460483257784508,0.21459988636006394,0.011749405648962062,0.21778045872003954,0.007999573460657022,0.2130702208660744,0.002601837166650597,0.20216980145604752,0.007460483257784508,0.20216980145604752,0.007460483257784508,0.20216980145604752,0.007460483257784508,0.1990167679570949,0.00542409949082374,0.20216980145604752,0.007460483257784508,0.20216980145604752,0.007460483257784508
0.6476190476190476,0.21088986123418982,0.005549440253568407,0.21088986123418982,0.005549440253568407,0.20196973091429646,0.006845043905376111,0.21444821585764123,0.011336060438370106,0.21749166288988334,0.008556505333175394,0.21280865387558018,0.0024238746037079308,0.20196973091429646,0.006845043905376111,0.20196973091429646,0.006845043905376111,0.20196973091429646,0.006845043905376111,0.19878810635932226,0.005005757533838219,0.20196973091429646,0.006845043905376111,0.20196973091429646,0.006845043905376111
0.6571428571428571,0.21059670415369497,0.005399188403534342,0.21059670415369497,0.005399188403534342,0.20222360011784063,0.007231169820930846,0.21435304469955357,0.011226286688583694,0.21639450131308124,0.008367297857150988,0.21218596295073752,0.0023344226606049996,0.20222360011784063,0.007231169820930846,0.20222360011784063,0.007231169820930846,0.20222360011784063,0.007231169820930846,0.19858778783700604,0.005206404877938622,0.20222360011784063,0.007231169820930846,0.20222360011784063,0.007231169820930846
0.6666666666666666,0.21025703152907746,0.00585562343240233,0.21025703152907746,0.00585562343240233,0.20218001516269785,0.007865919966177625,0.21433403521909244,0.010164458440804932,0.21585806548994568,0.007841111260808461,0.21287536174502403,0.0022230653977163384,0.20218001516269785,0.007865919966177625,0.20218001516269785,0.007865919966177625,0.20218001516269785,0.007865919966177625,0.19899602524404014,0.005790669281860742,0.20218001516269785,0.007865919966177625,0.20218001516269785,0.007865919966177625
0.6761904761904762,0.2098458629416328,0.006169972541554456,0.2098458629416328,0.006169972541554456,0.20187539945710714,0.007846592891682278,0.21380155253499533,0.009378357063379571,0.21576350391514496,0.008210926513307617,0.2126528299025102,0.002594509616747367,0.20187539945710714,0.007846592891682278,0.20187539945710714,0.007846592891682278,0.20187539945710714,0.007846592891682278,0.19920180352326008,0.006084997772702735,0.20232472340510765,0.008373095597227277,0.20187539945710714,0.007846592891682278
0.6857142857142857,0.2097295064530853,0.005607420126459262,0.2097295064530853,0.005607420126459262,0.20206279160144427,0.008360146911273533,0.21305654537475976,0.008648850676418823,0.21556609495827514,0.008197270050038872,0.21183580174036917,0.0017777279092955787,0.20206279160144427,0.008360146911273533,0.20206279160144427,0.008360146911273533,0.20206279160144427,0.008360146911273533,0.1992913894613998,0.006699156160948608,0.20206279160144427,0.008360146911273533,0.20206279160144427,0.008360146911273533
0.6952380952380952,0.20940057053039335,0.0053931934166270646,0.20940057053039335,0.0053931934166270646,0.20182016468925834,0.007973671360168924,0.21303742780184295,0.007966662252171653,0.21762681862160768,0.009408984798003107,0.21208444464731832,0.0017687633426972152,0.20182016468925834,0.007973671360168924,0.20182016468925834,0.007973671360168924,0.20182016468925834,0.007973671360168924,0.19913697612714276,0.006446860606528603,0.20182016468925834,0.007973671360168924,0.20182016468925834,0.007973671360168924
0.7047619047619048,0.2087932245906543,0.005600873765371109,0.2087932245906543,0.005600873765371109,0.20208251730513732,0.007832848316765546,0.21251521680529253,0.0076565476134787544,0.21706484361375505,0.00883761570294162,0.21226190691502186,0.0024006822217930257,0.20208251730513732,0.007832848316765546,0.20208251730513732,0.007832848316765546,0.20208251730513732,0.007832848316765546,0.1990299748659537,0.006858652748494862,0.20208251730513732,0.007832848316765546,0.20208251730513732,0.007832848316765546
0.7142857142857143,0.20838249581555526,0.006121622537115731,0.20838249581555526,0.006121622537115731,0.20147346931199234,0.007879743461124038,0.2116273333442708,0.00780856476121928,0.21624662565688293,0.008369205033913824,0.21221587852087048,0.0026802341362153256,0.20147346931199234,0.007879743461124038,0.20147346931199234,0.007879743461124038,0.20147346931199234,0.007879743461124038,0.19891767390072346,0.006904875231694381,0.20147346931199234,0.007879743461124038,0.20147346931199234,0.007879743461124038
0.7238095238095238,0.20841435830746044,0.005612819800234324,0.20841435830746044,0.005612819800234324,0.20085287964167564,0.007211230251000539,0.211705095410396,0.008687763330007744,0.21558995606181655,0.007914845318481923,0.21456282802835283,0.005900816752562192,0.20085287964167564,0.007211230251000539,0.20085287964167564,0.007211230251000539,0.20085287964167564,0.007211230251000539,0.1998097999021411,0.00843480385668181,0.200867668014804,0.00722183478370026,0.20085287964167564,0.007211230251000539
0.7333333333333333,0.20877495492723852,0.006315200881275759,0.20877495492723852,0.006315200881275759,0.2001299706904532,0.007223496590868561,0.21118191531073155,0.00802772970986994,0.21514622480064244,0.0068167006147295236,0.21408037086908435,0.006218057722392385,0.2001299706904532,0.007223496590868561,0.2001299706904532,0.007223496590868561,0.2001299706904532,0.007223496590868561,0.19988088958062133,0.008184412006913675,0.2001299706904532,0.007223496590868561,0.2001299706904532,0.007223496590868561
0.7428571428571429,0.20852703111580548,0.0065107279290119125,0.20852703111580548,0.0065107279290119125,0.20007098330041537,0.007124570332862748,0.21049645450563192,0.00826317098927048,0.2145708354237752,0.006452179526716925,0.21393325733201707,0.005831877424441285,0.20007098330041537,0.007124570332862748,0.20007098330041537,0.007124570332862748,0.20007098330041537,0.007124570332862748,0.19958669152588418,0.008143776070867689,0.20007098330041537,0.007124570332862748,0.20007098330041537,0.007124570332862748
0.7523809523809524,0.2081745129927427,0.006276156059004703,0.2081745129927427,0.006276156059004703,0.20056311043474492,0.007363118862231523,0.21110483636796662,0.008757922540591833,0.2149779787169227,0.006753461048198779,0.21336909627183742,0.005522378563677118,0.20056311043474492,0.007363118862231523,0.20056311043474492,0.007363118862231523,0.20056311043474492,0.007363118862231523,0.1993085357678842,0.00739331800784328,0.20056311043474492,0.007363118862231523,0.20056311043474492,0.007363118862231523
0.7619047619047619,0.20787726475391538,0.006330061534881092,0.20787726475391538,0.006330061534881092,0.2000135594746098,0.007005638982292141,0.21085440144524908,0.00896567142294425,0.21462905006483196,0.006472872927354875,0.21330804510369142,0.006135401955633634,0.2000135594746098,0.007005638982292141,0.2000135594746098,0.007005638982292141,0.2000135594746098,0.007005638982292141,0.19863114929758013,0.007395708428366357,0.2000135594746098,0.007005638982292141,0.2000135594746098,0.007005638982292141
0.7714285714285715,0.20858367585381607,0.005920069751647929,0.20858367585381607,0.005920069751647929,0.2000784675050297,0.006759076258774794,0.21033563143516212,0.009019921105295379,0.2151960951770529,0.006649619474430158,0.21320283423379932,0.005797240751630726,0.2000784675050297,0.006759076258774794,0.2000784675050297,0.006759076258774794,0.2000784675050297,0.006759076258774794,0.19861871969920616,0.0069098723577604845,0.20072574713439853,0.0073593902247426155,0.2000784675050297,0.006759076258774794
0.780952380952381,0.20855939840307322,0.0058823024738634344,0.20855939840307322,0.0058823024738634344,0.2009843082008202,0.007065662015492179,0.20981485624343338,0.009018889249609988,0.2148129578407218,0.006493853580702985,0.21274596239520188,0.00544465062415398,0.2009843082008202,0.007065662015492179,0.2009843082008202,0.007065662015492179,0.2009843082008202,0.007065662015492179,0.19868781199542487,0.0064464196554866,0.2009843082008202,0.007065662015492179,0.2009843082008202,0.007065662015492179
0.7904761904761904,0.20866916761789694,0.005995226960661512,0.20866916761789694,0.005995226960661512,0.20077819298638638,0.007077707277450495,0.20934859991455115,0.00884551151501368,0.21503142738737255,0.00665638389962369,0.2123907641507151,0.005758761886715686,0.20077819298638638,0.007077707277450495,0.20077819298638638,0.007077707277450495,0.20077819298638638,0.007077707277450495,0.1983972651412688,0.0061945627878266015,0.20077819298638638,0.007077707277450495,0.20077819298638638,0.007077707277450495
0.8,0.2083865805706453,0.005944946066011403,0.2083865805706453,0.005944946066011403,0.20023898090723724,0.007116597337971741,0.2094666866995838,0.00833309171269868,0.21537670666085823,0.0071610263837138585,0.21231460747242506,0.005509311037280001,0.20023898090723724,0.007116597337971741,0.20023898090723724,0.007116597337971741,0.20023898090723724,0.007116597337971741,0.19899111205623266,0.006559829374149682,0.20046781795099378,0.007344851798729981,0.20023898090723724,0.007116597337971741
0.8095238095238095,0.20812329056070134,0.006278735552791758,0.20812329056070134,0.006278735552791758,0.20227452437667287,0.0070362030303401804,0.2092552138656816,0.007850875104631044,0.21532506841947052,0.007338625831756966,0.21200286564038914,0.005576233992266246,0.20227452437667287,0.0070362030303401804,0.20227452437667287,0.0070362030303401804,0.20227452437667287,0.0070362030303401804,0.19890232721672338,0.006799222015276476,0.20102954513448126,0.005586600448308418,0.20227452437667287,0.0070362030303401804
0.819047619047619,0.207618540824326,0.006115175218616485,0.207618540824326,0.006115175218616485,0.20173835078644198,0.00695200087938617,0.20988901068326518,0.006588619120122381,0.21538644184380076,0.0072704629195283685,0.21177434749196875,0.00536201566763168,0.20173835078644198,0.00695200087938617,0.20173835078644198,0.00695200087938617,0.20173835078644198,0.00695200087938617,0.19886839991911898,0.006784068627115967,0.20173835078644198,0.00695200087938617,0.20173835078644198,0.00695200087938617
0.8285714285714286,0.20785373729792816,0.005994922179806628,0.20785373729792816,0.005994922179806628,0.2018176225153194,0.0071174028542625245,0.20985968458605395,0.005771087151916604,0.21481188399524526,0.007124357844605289,0.21130897332019552,0.005140942630347153,0.2018176225153194,0.0071174028542625245,0.2018176225153194,0.0071174028542625245,0.2018176225153194,0.0071174028542625245,0.20001905784010887,0.006218409330514257,0.2018176225153194,0.0071174028542625245,0.2018176225153194,0.0071174028542625245
0.8380952380952381,0.20742723432538862,0.006191153607590985,0.20742723432538862,0.006191153607590985,0.20115555708550595,0.0073067466645844,0.2095637290198779,0.005811557341812892,0.21403051425956868,0.006617163065727683,0.2111201440356571,0.005340541288747399,0.20115555708550595,0.0073067466645844,0.20115555708550595,0.0073067466645844,0.20115555708550595,0.0073067466645844,0.19966139657084236,0.0059667738910796075,0.20115555708550595,0.0073067466645844,0.20115555708550595,0.0073067466645844
0.8476190476190476,0.20704979949704044,0.0061297444140138956,0.20704979949704044,0.0061297444140138956,0.2007832350941856,0.00732369723991133,0.20938803561638747,0.0056504145326477274,0.21396602355362324,0.006855569203984942,0.21160417894303096,0.006103404447311684,0.2007832350941856,0.00732369723991133,0.2007832350941856,0.00732369723991133,0.2007832350941856,0.00732369723991133,0.20111231435760019,0.006383187481181712,0.2007832350941856,0.00732369723991133,0.2007832350941856,0.00732369723991133
0.8571428571428571,0.20720924753695727,0.006005339097360579,0.20720924753695727,0.006005339097360579,0.20029894850320284,0.007140418111531265,0.209622871177271,0.004885886524307595,0.21389461490843031,0.006551492496580392,0.21173333639412056,0.005661238990627406,0.20029894850320284,0.007140418111531265,0.20029894850320284,0.007140418111531265,0.20029894850320284,0.007140418111531265,0.2007756187373565,0.006269857069478114,0.20033348728385236,0.007188330040035749,0.20029894850320284,0.007140418111531265
0.8666666666666667,0.20685174834024117,0.005931464804057209,0.20685174834024117,0.005931464804057209,0.19990711028759295,0.0072858967809757615,0.20993047944976242,0.005380368402713642,0.2141238596945346,0.006889942012092623,0.21187087992895326,0.006203449553925609,0.19990711028759295,0.0072858967809757615,0.19990711028759295,0.0072858967809757615,0.19950028476151793,0.00708476032907965,0.20124741384739075,0.007179261499751092,0.19950028476151793,0.00708476032907965,0.19990711028759295,0.0072858967809757615
0.8761904761904762,0.20726763353804534,0.005872132668714152,0.20726763353804534,0.005872132668714152,0.1991343402668186,0.007362957728476414,0.20969150853647,0.004819220765250056,0.21366642692895688,0.0068002643175230255,0.2115705190665584,0.006255002075001195,0.1991343402668186,0.007362957728476414,0.1991343402668186,0.007362957728476414,0.1991343402668186,0.007362957728476414,0.2005684248515931,0.007482978437240075,0.19913313278685446,0.007361294316927561,0.1991343402668186,0.007362957728476414
0.8857142857142857,0.2077832542640227,0.005980813685021465,0.2077832542640227,0.005980813685021465,0.1987696717022568,0.007699998720901525,0.20995270455336218,0.004289302755916775,0.2135109664491748,0.006860575179952248,0.21119972309941704,0.0063496456675887405,0.1987696717022568,0.007699998720901525,0.1987696717022568,0.007699998720901525,0.1987696717022568,0.007699998720901525,0.20044098521072057,0.00755928026990137,0.1987696717022568,0.007699998720901525,0.1987696717022568,0.007699998720901525
0.8952380952380953,0.20853516810197145,0.005953751892620706,0.20853516810197145,0.005953751892620706,0.19946805702799814,0.006582420292845405,0.20943164855657898,0.0038807584572715585,0.21338297234491466,0.006543199645331583,0.21126906513085492,0.006527688865876303,0.19946805702799814,0.006582420292845405,0.19946805702799814,0.006582420292845405,0.19946805702799814,0.006582420292845405,0.20038580334685901,0.007878089633892929,0.19962068201300312,0.006711754713087115,0.1995810408026297,0.006749736850290511
0.9047619047619048,0.2087894463029347,0.0060953413339574145,0.2087894463029347,0.0060953413339574145,0.20093360696184007,0.007195637237155435,0.20971247179825842,0.0038644819621584735,0.2129260860187443,0.006601898035899496,0.21104142452102334,0.006618780808803499,0.20093360696184007,0.007195637237155435,0.20093360696184007,0.007195637237155435,0.20093360696184007,0.007195637237155435,0.2013290605752876,0.006231430276571706,0.20093360696184007,0.007195637237155435,0.20093360696184007,0.007195637237155435
0.9142857142857143,0.20934112973433608,0.005948166132470735,0.20934112973433608,0.005948166132470735,0.20224502838876407,0.006144166245874348,0.21103003077829877,0.004901748317351166,0.21241551787049198,0.006508947507022941,0.21170683448782213,0.00563876999130289,0.20224502838876407,0.006144166245874348,0.20224502838876407,0.006144166245874348,0.20224502838876407,0.006144166245874348,0.20056091490550898,0.006162511675627789,0.20224502838876407,0.006144166245874348,0.20224502838876407,0.006144166245874348
0.9238095238095239,0.21028135200367146,0.007044386323994365,0.21028135200367146,0.007044386323994365,0.20440151768054848,0.005953282204588149,0.21055983492778133,0.005495115206548209,0.21195396506371572,0.006370298636979319,0.21174707991831374,0.005259493646594542,0.20440151768054848,0.005953282204588149,0.20440151768054848,0.005953282204588149,0.20440151768054848,0.005953282204588149,0.19993376874931387,0.006145026285343575,0.20440151768054848,0.005953282204588149,0.20440151768054848,0.005953282204588149
0.9333333333333333,0.20999370300572137,0.006885354820202661,0.20999370300572137,0.006885354820202661,0.2035872105946194,0.005663180801098627,0.21054032693940156,0.005423518428637764,0.2116578754075632,0.006093776036369763,0.21167659226925348,0.005930028182094446,0.2035872105946194,0.005663180801098627,0.2035872105946194,0.005663180801098627,0.2035872105946194,0.005663180801098627,0.20256312951749686,0.003730489729526295,0.2035872105946194,0.005663180801098627,0.2035872105946194,0.005663180801098627
0.9428571428571428,0.21001018450190923,0.006512004739310282,0.21001018450190923,0.006512004739310282,0.2035848737572028,0.005530411085753713,0.21037810297701698,0.005617573333723131,0.21241928497799717,0.005196781121473627,0.21212131186465033,0.005176346425724419,0.2035848737572028,0.005530411085753713,0.2035848737572028,0.005530411085753713,0.2035848737572028,0.005530411085753713,0.20230055495042995,0.003570007690070953,0.2035848737572028,0.005530411085753713,0.2035848737572028,0.005530411085753713
0.9523809523809523,0.20987967191264034,0.006506444309762381,0.20987967191264034,0.006506444309762381,0.20450446809642017,0.005705906557684845,0.21117834132164715,0.004415785624204345,0.21165503825992343,0.00541622517825394,0.21194190403424382,0.005189614735550424,0.20450446809642017,0.005705906557684845,0.20450446809642017,0.005705906557684845,0.20450446809642017,0.005705906557684845,0.20523864103946834,0.005392964076996294,0.20450446809642017,0.005705906557684845,0.20450446809642017,0.005705906557684845
0.9619047619047619,0.21046773323992102,0.005233360886237613,0.21046773323992102,0.005233360886237613,0.20481532840703678,0.005502948510823725,0.21120932890046942,0.004469670432315659,0.2114135030620169,0.0055912712512465644,0.211777353799256,0.004931194635393827,0.20481532840703678,0.005502948510823725,0.20481532840703678,0.005502948510823725,0.20481532840703678,0.005502948510823725,0.20543263386473948,0.0049796366085577675,0.20638731152907308,0.006293177402835286,0.20481532840703678,0.005502948510823725
0.9714285714285714,0.21056856578398567,0.005031526442591441,0.21056856578398567,0.005031526442591441,0.20681179626662213,0.006121280065951607,0.21103820986315316,0.0046815927114230065,0.21129632973130427,0.005745411360037225,0.2116308739699726,0.005134649621179973,0.20681179626662213,0.006121280065951607,0.20681179626662213,0.006121280065951607,0.20681179626662213,0.006121280065951607,0.20687898791249038,0.00395818850916258,0.20751126415972762,0.004325596793916281,0.20681179626662213,0.006121280065951607
0.9809523809523809,0.2105949911858561,0.004973064848388872,0.2105949911858561,0.004973064848388872,0.20788333972337322,0.003947235468562249,0.2106816898127204,0.004778328791435395,0.2107841962207,0.005588850804252207,0.2112147938603922,0.004977676893723806,0.20788333972337322,0.003947235468562249,0.20788333972337322,0.003947235468562249,0.20788333972337322,0.003947235468562249,0.20701728499431196,0.003791136388668423,0.20788333972337322,0.003947235468562249,0.20788333972337322,0.003947235468562249
0.9904761904761905,0.21096751238935843,0.004828039498794294,0.21096751238935843,0.004828039498794294,0.2078030597499142,0.0036893174044403797,0.21078666634499454,0.005248391301487122,0.21046078274957836,0.005385370032100294,0.2113345488439819,0.0044700976330620725,0.2078030597499142,0.0036893174044403797,0.2078030597499142,0.0036893174044403797,0.2078030597499142,0.0036893174044403797,0.2078030597499142,0.0036893174044403797,0.2078030597499142,0.0036893174044403797,0.2078030597499142,0.0036893174044403797
1.0,0.21115353492399055,0.004413991712696444,0.21115353492399055,0.004413991712696444,0.21115353492399055,0.004413991712696444,0.21115353492399055,0.004413991712696444,0.21115353492399055,0.004413991712696444,0.21115353492399055,0.004413991712696444,0.21115353492399055,0.004413991712696444,0.21115353492399055,0.004413991712696444,0.21115353492399055,0.004413991712696444,0.21115353492399055,0.004413991712696444,0.21115353492399055,0.004413991712696444,0.21115353492399055,0.004413991712696444
