uq_map_name,dataset_name,noise_level,mean,above_threshold_mean_0.3,above_threshold_mean_0.5,above_threshold_mean_0.7,above_threshold_mean_0.9,above_threshold_mean_0.95,above_quantile_mean_0.3,above_quantile_mean_0.5,above_quantile_mean_0.7,above_quantile_mean_0.9,above_quantile_mean_fg_ratio,patch_aggregation_10,patch_aggregation_20,patch_aggregation_40,patch_aggregation_80,patch_aggregation_100,"class_mean_w_equal_weights_configurable_{'include_background': False, 'ignore_index': 0}","class_mean_weighted_by_occurrence_configurable_{'include_background': False, 'ignore_index': 0}",gmm_normalized_score
202,joint_noise_arctique_semantic_blood_cells_dropout_pu_0_00,0_00,0.28825127417076146,0.4992958402172385,0.6485626861984062,0.8180375626755246,1.0442495621481889,1.0790783992528463,0.38867681777368973,0.46550261327440057,0.5653055839239793,0.7214768990480794,0.6119792934880594,1.17501953125,0.7802911376953126,0.5709194946289062,0.45634463787078855,0.42603884410858156,0.5773649562723375,0.4672199126925367,0.0490118929130265
205,joint_noise_arctique_semantic_blood_cells_dropout_pu_0_00,0_00,0.3517395381713868,0.5073849529397606,0.6590979887705604,0.8173187037863805,1.0218582696189107,1.0568758580370439,0.45470103395476896,0.5265299770854226,0.6223039207291746,0.7704663602696247,0.6422655009287064,1.088037109375,0.9008715820312502,0.7334600830078125,0.552248764038086,0.5259144500732422,0.6160805360652983,0.5162137897022564,0.0362618389415423
221,joint_noise_arctique_semantic_blood_cells_dropout_pu_0_00,0_00,0.4719073742162436,0.5443714146410892,0.6463051205650477,0.7938413246799885,0.9970424434372557,1.0419287293016088,0.5737756387020042,0.6323529070005797,0.7012992996408293,0.8042148378280747,0.6687396691758505,1.09416015625,0.8123107910156251,0.7620195007324219,0.7060704040527344,0.681710681152344,0.6626972709563335,0.5511754866517918,
252,joint_noise_arctique_semantic_blood_cells_dropout_pu_0_00,0_00,0.35082107078051195,0.5108131219400179,0.670313737829731,0.8381220168348162,1.0315708496002156,1.0682655267295598,0.4621229964446182,0.5350126598827926,0.6344330273569104,0.7960591654253598,0.6667887779448582,1.2056298828125,0.8956927490234375,0.6002507781982419,0.5132845401763916,0.5121030670166016,0.7092719500517015,0.5614659905020435,0.0425108500359345
213,joint_noise_arctique_semantic_blood_cells_dropout_pu_0_00,0_00,0.5009619686188671,0.5438596129101781,0.6320813475947886,0.8459513734481824,1.0395128076974625,1.0749040954316142,0.587315044327926,0.6344478861149463,0.7003771892600498,0.8355604004668405,0.710283198305246,1.2045410156250003,0.8714450073242187,0.6775918579101563,0.5907001662254333,0.5882674911499023,0.6918274321600743,0.5624853233628684,0.0719156442142207
232,joint_noise_arctique_semantic_blood_cells_dropout_pu_0_00,0_00,0.34040441658726195,0.5066982140806797,0.6678616867902132,0.8319925518543548,1.0415525975376576,1.0748525484412514,0.4353799555269173,0.5058041555954949,0.6084936873593416,0.7774785637887335,0.6554301920417442,1.23638671875,0.8801437377929687,0.6019184875488282,0.560895595550537,0.5451157165527345,0.6357911039622066,0.5417443584295938,0.0218132465526452
210,joint_noise_arctique_semantic_blood_cells_dropout_pu_0_00,0_00,0.34334314966690727,0.5094889546637366,0.6636473904866248,0.8315612742721329,1.0517219148537134,1.0876339482710204,0.4431625073277832,0.5159806696011683,0.6171947693033978,0.7723957256679117,0.6479661316845285,1.132353515625,0.8596853637695312,0.5825666809082028,0.5168425369262696,0.4802095031738281,0.6743744827734104,0.5242965068683435,0.1135531010210868
310,joint_noise_arctique_semantic_blood_cells_dropout_pu_0_00,0_00,0.4079686579570989,0.5032967084482438,0.6862576664931512,0.8454890664498899,1.0219692949432777,1.057578308620731,0.49110475050526725,0.559321210499633,0.6610198874193272,0.8354945297049707,0.6966624355254675,1.11533203125,0.8238400268554688,0.6549710083007813,0.4927245283126831,0.46846615180969237,0.6228266460283653,0.557476612944886,0.0368841139147206
228,joint_noise_arctique_semantic_blood_cells_dropout_pu_0_00,0_00,0.41079242407249694,0.5318216374864748,0.6534578877136906,0.8162794499095919,1.02465443440738,1.066451117507857,0.5274939900777318,0.5972535483459529,0.6790902492789713,0.8010999570086229,0.6804407424470681,1.1404296875,0.8125506591796875,0.712136535644531,0.6471702194213867,0.6184434204101562,0.670901380184083,0.570991509716603,0.0224176996899395
206,joint_noise_arctique_semantic_blood_cells_dropout_pu_0_00,0_00,0.40368863525873167,0.5400711030197087,0.6478012174937976,0.8286831989927976,1.0342592212287862,1.0716264072924389,0.5320137938462235,0.6006442805172171,0.678273274706475,0.8078832174903597,0.6966743314279916,1.2521875,0.9691516113281253,0.6816381835937498,0.6233568000793456,0.5808443786621094,0.6639531935030554,0.5848737725345708,0.0205061078054118
233,joint_noise_arctique_semantic_blood_cells_dropout_pu_0_00,0_00,0.333016522708931,0.5165575653111896,0.6601767082803014,0.8302755388236127,1.0215437423618074,1.0568080547728824,0.4441508099203399,0.5227082327573269,0.6229913228047911,0.7684573876325743,0.6358122979176202,1.1379492187500002,0.8785195922851564,0.7381763458251952,0.5239720940589905,0.4946225555419922,0.6685906960239822,0.49439226108727286,0.1871367244042619
312,joint_noise_arctique_semantic_blood_cells_dropout_pu_0_00,0_00,0.408559923804205,0.5150922131084797,0.6814415698443872,0.85569334501496,1.0302800298409032,1.0664042783587167,0.5091021670445154,0.5787756952648828,0.6763329883254372,0.8448154354835642,0.6933788816961167,1.132890625,0.8753042602539063,0.5917613983154295,0.5014456021785736,0.4898197715759278,0.6228928326574026,0.5515467633465299,0.2668713962108431
239,joint_noise_arctique_semantic_blood_cells_dropout_pu_0_00,0_00,0.5065335144408891,0.5460058532066273,0.6334230760559547,0.7994619612098436,1.0259768600231427,1.0679546240298876,0.591678659917561,0.6396876717942537,0.7009117464487644,0.8035952772935824,0.6796294581870275,1.1530810546875,0.83186767578125,0.6781227111816406,0.6222286796569824,0.5940513793945312,0.7049412763567059,0.5706242439067957,0.0873221681648959
238,joint_noise_arctique_semantic_blood_cells_dropout_pu_0_00,0_00,0.36369962291792035,0.5034266443205504,0.6742961533965444,0.8446984814257028,1.0394717218280958,1.0735287692985656,0.45682392021948504,0.5264152686964774,0.626976013571483,0.7987019366192998,0.6760554931604048,1.2076708984375002,0.9172845458984372,0.5768896484375,0.5050265502929687,0.4719245620727539,0.6918228146778113,0.5450963757872016,0.0591630830322823
254,joint_noise_arctique_semantic_blood_cells_dropout_pu_0_00,0_00,0.36606584707988077,0.5255897730430417,0.6831845454108895,0.8560719845154224,1.0303287689050082,1.064813451431678,0.48303146889479104,0.5598770196192435,0.6645784645822084,0.8304258325699613,0.6647770898099675,1.19966796875,0.9174487304687499,0.7378673553466797,0.5483563303947446,0.5199501344680786,0.6931167195120947,0.5265652232005322,0.0528943176586522
258,joint_noise_arctique_semantic_blood_cells_dropout_pu_0_00,0_00,0.4052826547576842,0.5063820106940854,0.6720317454307589,0.8412439561814924,1.0374542455578601,1.076281505204739,0.4960254136059452,0.5638342954918611,0.6584100971230896,0.8138911704358004,0.6584100971230896,1.2908203125,0.9746600341796878,0.6294676589965821,0.5030241107940674,0.47432325439453127,0.6579244135756164,0.5266011891030353,0.0396980019536559
211,joint_noise_arctique_semantic_blood_cells_dropout_pu_0_00,0_00,0.3047069037274923,0.5193929764557784,0.6733074139509767,0.8624530313674562,1.0542599005182485,1.0872822080410496,0.4082979049379121,0.48944283641736075,0.5993782941569263,0.777317785320904,0.6426623393128527,1.2292041015625,0.855655517578125,0.5886597442626953,0.4704065656661987,0.4493214324951173,0.6849780432364756,0.5155846885897086,
212,joint_noise_arctique_semantic_blood_cells_dropout_pu_0_00,0_00,0.3419208172999788,0.5269258378655476,0.6832028407348246,0.8600272730149966,1.048806461145473,1.0824161118637796,0.46187552854473646,0.5420681523734195,0.6488119341742941,0.8231903538805991,0.654091094457009,1.2247265625000003,0.8966546630859377,0.626556282043457,0.536041755080223,0.5367793666839601,0.666265827984744,0.5311437761197426,0.1101471125177275
204,joint_noise_arctique_semantic_blood_cells_dropout_pu_0_00,0_00,0.2843866648618132,0.5169667395554983,0.670339996212026,0.8492440331962483,1.035225049892296,1.0670477175245099,0.38728457768505226,0.47415512569355855,0.5836701687245406,0.7598909249317161,0.6384594510872423,1.0940771484375,0.8529153442382813,0.5746566772460937,0.4799205428361893,0.44444703559875487,0.683881859457446,0.491443885743634,0.3980373550813993
219,joint_noise_arctique_semantic_blood_cells_dropout_pu_0_00,0_00,0.2912929428857751,0.5189300063968629,0.6715723076630639,0.8425707847182994,1.0372392889546644,1.0767636030148238,0.3993605873113647,0.4908473704864316,0.5992705886218804,0.7726642703298637,0.6567461581084684,1.1585498046875,0.8755364990234376,0.6391277313232422,0.5007669448852539,0.48881370544433606,0.6993958142527744,0.535157002262267,0.0665829181800767
305,joint_noise_arctique_semantic_blood_cells_dropout_pu_0_00,0_00,0.39512136604480474,0.5288300494988425,0.6500386291438675,0.8208577533057976,1.0231506334083833,1.0597810835235921,0.5189897926456158,0.5882675594433623,0.6691919629471424,0.7931366942223493,0.6744283696898626,1.0734619140625,0.8242242431640625,0.695859375,0.5708542251586912,0.5495059932708741,0.6668179313107229,0.5471713295054129,0.1329144335969644
261,joint_noise_arctique_semantic_blood_cells_dropout_pu_0_00,0_00,0.30534392933623167,0.5009671969469925,0.6940374499907573,0.8743961234778584,1.042313467019544,1.0758577681795582,0.4183460770455714,0.49090843615071555,0.5929135037483646,0.799602763187331,0.7266323436598949,1.2333691406250002,0.89364501953125,0.5821710968017577,0.4806597411632537,0.4797625419616699,0.6454256824245634,0.6021997249106993,
259,joint_noise_arctique_semantic_blood_cells_dropout_pu_0_00,0_00,0.2677880677074427,0.4996340970659059,0.6561976679218712,0.8280610038056692,1.028329602806969,1.0625393034848707,0.36121078147702956,0.43578023304846375,0.5379995733741822,0.7165242644955179,0.5974574283596678,1.0948242187500001,0.7514523315429689,0.6120868301391602,0.44449179172515885,0.40120676860809334,0.556305561714855,0.4539037352559287,0.2110434021804037
311,joint_noise_arctique_semantic_blood_cells_dropout_pu_0_00,0_00,0.2898936684214277,0.5037073055409734,0.665797447176856,0.8388089917487758,1.0531075084250077,1.093866892778854,0.3891808896578352,0.47168777119492655,0.5745178515232622,0.7507036666254,0.6315479118150463,1.1623242187500002,0.8854263305664065,0.582064208984375,0.4957286357879638,0.475203778076172,0.6473275958957587,0.5096160115533576,
304,joint_noise_arctique_semantic_blood_cells_dropout_pu_0_00,0_00,0.44168185761373024,0.5410332144554826,0.675879252652616,0.8358465637539203,1.0427402143702191,1.0843227378466147,0.5516775654540106,0.6206114353829508,0.711168883146532,0.8656321966236534,0.7093202186016465,1.2098828125,1.0380395507812503,0.7213381195068359,0.6353054618835449,0.6062176147460938,0.70644252687483,0.5946492540784069,0.291517678790001
308,joint_noise_arctique_semantic_blood_cells_dropout_pu_0_25,0_25,0.2887161592771008,0.49945878486864104,0.6480564878183249,0.8183320752617453,1.0466015241846494,1.0812201127597607,0.38924000041582574,0.4662871489905383,0.5657932109894067,0.7212403625230592,0.6124055434981893,1.1805908203125,0.7850335693359376,0.5720346069335938,0.45588143229484557,0.42608579664230345,0.61100276852855,0.4667817853168241,0.0784021516700583
235,joint_noise_arctique_semantic_blood_cells_dropout_pu_0_25,0_25,0.35283945741684875,0.5059208916835669,0.6573115524899654,0.8152521120499041,1.0188175552118584,1.0538047146162746,0.4562829915700706,0.5274233692448314,0.6220962915744621,0.7677373354292756,0.6419142049721089,1.084892578125,0.9031585693359376,0.7294391632080078,0.5529790687561035,0.5261323654174805,0.6145329502067727,0.5176118608348599,0.1811063589905013
309,joint_noise_arctique_semantic_blood_cells_dropout_pu_0_25,0_25,0.473113123438452,0.5456739134812961,0.6464078654225307,0.7934174934392615,0.9934715176024378,1.037285065941572,0.5755702788566268,0.633857914373304,0.7020996180463062,0.804941258906119,0.669680037633524,1.0543017578125002,0.8182855224609376,0.7626203918457031,0.7067245101928711,0.6824231445312501,0.6576306070969128,0.5516295103566301,0.3146668698708361
254,joint_noise_arctique_semantic_blood_cells_dropout_pu_0_25,0_25,0.3524861698533641,0.5111403813202684,0.6702596464824169,0.8372158571764214,1.030543179013783,1.0665022514717792,0.46464428165730104,0.5373415332059536,0.6362276872635737,0.7970963395482094,0.6678434181181473,1.19798828125,0.8843438720703126,0.605834274291992,0.5132782268524171,0.5124379272460937,0.7054494951282061,0.5629836990727354,0.2187159220108884
312,joint_noise_arctique_semantic_blood_cells_dropout_pu_0_25,0_25,0.5056441773685947,0.5466114033708389,0.6340103211739754,0.8500661922406547,1.0383280519282703,1.0744935087814398,0.5914566333981023,0.6384824527307127,0.7055718643638027,0.8436037837589945,0.7145909570883784,1.2045068359375,0.8953216552734377,0.677840576171875,0.6022035980224608,0.5948927001953125,0.7039333311002469,0.570438007318962,1.0
207,joint_noise_arctique_semantic_blood_cells_dropout_pu_0_25,0_25,0.3403653536151978,0.5060289858011215,0.6669251035419914,0.8302928985147587,1.040316992796534,1.0735495680090306,0.4354929080523117,0.5060289858011215,0.607847759241979,0.7754352780635574,0.6547338690099015,1.2290625,0.8696044921875,0.604451904296875,0.5626426887512207,0.5467946533203126,0.6348947968922091,0.5416222060495813,0.0755976921033941
258,joint_noise_arctique_semantic_blood_cells_dropout_pu_0_25,0_25,0.34344127251097234,0.5088475612736202,0.6628071926792586,0.8306630180481284,1.0514675335931523,1.085838705638961,0.44380871112542836,0.5164169392715671,0.6173278537733412,0.7715203630058312,0.6480877345616617,1.123369140625,0.8567059326171876,0.58340461730957,0.517986135482788,0.4818325805664063,0.650457873272435,0.5251711296902409,0.1563246073808636
260,joint_noise_arctique_semantic_blood_cells_dropout_pu_0_25,0_25,0.4116739800811047,0.502475823419142,0.6852491629344777,0.8450993480513991,1.0227721414448303,1.0589079190817206,0.49490488286250345,0.5625409073431565,0.6632426313864064,0.8360111068812004,0.6979855663177651,1.1350537109375,0.8368719482421875,0.6588694763183593,0.49215978622436524,0.4683192222595215,0.6258964294465822,0.5593968574640276,0.6992382208472034
238,joint_noise_arctique_semantic_blood_cells_dropout_pu_0_25,0_25,0.4123203947710863,0.532381075528786,0.6534913589704077,0.8157918042052306,1.0220298973977888,1.0617757947395376,0.5296865958937164,0.5989446781817653,0.6802774127401313,0.8037058157338273,0.6812350400158041,1.1518164062500003,0.8092401123046875,0.7101806640624997,0.6454931068420409,0.6164218383789063,0.6806091967510933,0.5734842153833145,0.5744872921183355
305,joint_noise_arctique_semantic_blood_cells_dropout_pu_0_25,0_25,0.4042374376258522,0.540379771943228,0.647777308961108,0.828019722054014,1.0355379327191514,1.0717493285982516,0.5331501919674846,0.6015737359433395,0.678971684600585,0.8087306780905519,0.6969882287041269,1.25412109375,0.9622442626953128,0.6822239685058594,0.6239534568786621,0.5817048706054687,0.6589386157108118,0.5860774020583179,0.4919496892239137
302,joint_noise_arctique_semantic_blood_cells_dropout_pu_0_25,0_25,0.3343142062803963,0.5168516417290584,0.6600938265333502,0.8317201652519303,1.0264760618494482,1.0604491534935683,0.4468509156199422,0.5256758629902868,0.6252101110633576,0.7705058761320305,0.6387347684400738,1.1499609375,0.8602142333984376,0.732286376953125,0.5182519435882569,0.48956817932128904,0.6736415671600864,0.49803052464337266,0.1443329709105279
226,joint_noise_arctique_semantic_blood_cells_dropout_pu_0_25,0_25,0.4127657775134139,0.5165629145692819,0.6792050463672727,0.8530489859999298,1.029301362879136,1.0667086435519053,0.5141275891786213,0.5833258573862466,0.6795101343638832,0.8446614176062045,0.696224327933408,1.1501757812500002,0.8814642333984375,0.5935421752929687,0.5057537364959717,0.490310636138916,0.6250281321416065,0.5544881476241932,0.4554669378559263
233,joint_noise_arctique_semantic_blood_cells_dropout_pu_0_25,0_25,0.5083324203224038,0.5469990624283696,0.6341441835111041,0.8000084518262639,1.0261683117160776,1.068320438102894,0.5932147667876834,0.641171123357543,0.7026704553119129,0.8061441760959547,0.6810519285301686,1.1507373046875,0.82107177734375,0.6778317260742187,0.6219413375854492,0.5943363891601563,0.689894631832761,0.5732676316853655,0.5115808127597089
202,joint_noise_arctique_semantic_blood_cells_dropout_pu_0_25,0_25,0.3647768897062633,0.503235782437057,0.6749614705752702,0.8463314015181755,1.0420111394635665,1.075048358513664,0.4585372061576471,0.5280422811421633,0.628460302062605,0.8007450720719328,0.677405776013078,1.189169921875,0.9146881103515624,0.5796417236328125,0.5056914043426514,0.4706615173339845,0.681501931601448,0.5493408679080699,0.1554505861266779
306,joint_noise_arctique_semantic_blood_cells_dropout_pu_0_25,0_25,0.3678161552215897,0.5213480937952784,0.6759643858664262,0.8518844218045496,1.03369140625,1.0683415134587206,0.4853497820585346,0.560012552092464,0.6607600611950043,0.8195165038131554,0.6613222833025926,1.185458984375,0.9115179443359375,0.7368385314941406,0.5502930772304534,0.518065573501587,0.675522659772905,0.5217211073697829,0.5559960622726919
219,joint_noise_arctique_semantic_blood_cells_dropout_pu_0_25,0_25,0.41031143912005064,0.5071609309373356,0.6733993931285576,0.8454980736179256,1.0408763616857395,1.078797020749417,0.5015391148653388,0.5691081040808869,0.6633426525567027,0.8202954598103973,0.6629423683293193,1.3007373046875004,0.98091552734375,0.6305493927001953,0.5164625787734985,0.49614610595703124,0.6620668557562279,0.5329393533356146,0.8076197151240404
261,joint_noise_arctique_semantic_blood_cells_dropout_pu_0_25,0_25,0.3070179680653382,0.5191228358411286,0.6738351970892834,0.8667031929729161,1.056757461989033,1.0884476595366246,0.4120895875987078,0.4936168691637358,0.6027042013059417,0.7808119176260808,0.6458237293857434,1.225224609375,0.85177734375,0.606682891845703,0.4807597637176514,0.4577888000488281,0.6940717098380265,0.5185014182516879,0.1902494966488768
213,joint_noise_arctique_semantic_blood_cells_dropout_pu_0_25,0_25,0.3428475946566323,0.5271909667736856,0.683401671386008,0.8635829171878066,1.0501534496782754,1.0824055484577477,0.4634272260258664,0.5435925433054777,0.6499519869072817,0.8249842300710865,0.6553014782025384,1.2237744140625,0.8965850830078125,0.6279303359985352,0.5381221556663512,0.5383151748657227,0.666868753079985,0.5324578236994018,0.5767688219106201
215,joint_noise_arctique_semantic_blood_cells_dropout_pu_0_25,0_25,0.2855733146516286,0.5176718998908385,0.6711952738435099,0.850050202568369,1.0417657543198762,1.0770454808285361,0.38929170164620186,0.4766732794744589,0.5862184445752919,0.7626935295026626,0.6417209948803012,1.0958007812500004,0.8437344360351563,0.5780938720703126,0.48248807907104485,0.4488887969970704,0.6925854051866638,0.4951318077314708,0.3159111605568806
206,joint_noise_arctique_semantic_blood_cells_dropout_pu_0_25,0_25,0.29101578317931853,0.5190791982223181,0.6718459108264528,0.8432102335330461,1.0373118557852716,1.079147731904141,0.39923710295434306,0.4908459639597809,0.5993980191505036,0.7730422698715385,0.6573691339575503,1.156474609375,0.8774468994140625,0.6354080963134764,0.5064307117462158,0.4906869400024415,0.6908754757919631,0.5360767301154994,0.2529753182814983
216,joint_noise_arctique_semantic_blood_cells_dropout_pu_0_25,0_25,0.3957102203339673,0.5293120308189306,0.6511916378467085,0.8217199291008437,1.0216478752367424,1.060168556395086,0.5198985728803751,0.5891550179951712,0.6707375955599835,0.7952428105120414,0.675929442281882,1.0450488281250003,0.80582763671875,0.6964253997802733,0.5705591964721679,0.5492094832420349,0.6662692698537394,0.5490128490908438,0.4182716083286429
222,joint_noise_arctique_semantic_blood_cells_dropout_pu_0_25,0_25,0.30817440849205013,0.4991681492405755,0.6920736186352545,0.8718046643874761,1.0426778123700082,1.0777375136499676,0.4224427775278643,0.4942255466332652,0.5956161169911921,0.7996227525174902,0.7275766366998774,1.2439404296875003,0.90740966796875,0.5891273498535154,0.4887889623641968,0.47727440757751466,0.6530566403701576,0.6050681887179437,0.793207791093822
220,joint_noise_arctique_semantic_blood_cells_dropout_pu_0_25,0_25,0.2699952571892936,0.49943955571322185,0.6574131476674134,0.8294460266977691,1.0255689754948913,1.0598274052517114,0.3646132668085006,0.43968708029512893,0.5416884343158647,0.7194739372192722,0.6005759078613806,1.105673828125,0.7532235717773438,0.6131807708740235,0.44445516109466543,0.401483198261261,0.5612418243664583,0.4579686333052165,0.0466552799994128
217,joint_noise_arctique_semantic_blood_cells_dropout_pu_0_25,0_25,0.2914364463140373,0.5053280332615024,0.6669432968498286,0.8422467207757756,1.0541346619944187,1.0952531768054496,0.39160036817121985,0.475191102324964,0.5784488671001828,0.7549328654635815,0.6354402027492296,1.1713720703125,0.8907672119140628,0.5818531036376953,0.4959316158294677,0.4748583648681641,0.7063962605237436,0.5136345423090153,0.0850233661084564
259,joint_noise_arctique_semantic_blood_cells_dropout_pu_0_25,0_25,0.44533208461507456,0.5429458141910404,0.6752675821180696,0.8371030333373946,1.044732391811882,1.087066614275148,0.5556492013614569,0.6241719025257956,0.7141703170374177,0.868810105313798,0.7117427286649322,1.2265185546875004,1.0870776367187505,0.7226613616943359,0.6374116134643554,0.6080507446289063,0.7274266244372866,0.5962486376270957,0.8363212214006528
310,joint_noise_arctique_semantic_blood_cells_dropout_pu_0_25,0_25,0.31410646009317134,0.5169177876058683,0.6527373878688799,0.8313775934416286,1.020629994837871,1.0524468470414803,0.42867568788787047,0.5124537817702813,0.6118066285890468,0.7519359275562785,0.6360229129641508,1.07204833984375,0.7928802490234375,0.5699032402038574,0.49475366562604894,0.4785382905960084,0.6434319621126542,0.48796128706233316,0.1142773364180784
210,joint_noise_arctique_semantic_blood_cells_dropout_pu_0_25,0_25,0.40716894454089925,0.5208607570453212,0.6763683917903843,0.8278760200214531,1.020145154340529,1.0635597418984175,0.5183739819109683,0.5887479375026211,0.6847697429375326,0.8367126979380269,0.6816849483123301,1.1522705078125002,0.8529342651367188,0.7049986267089844,0.6496276283264159,0.6135142578125,0.6907299995279066,0.5757522048039225,0.8705136189094662
256,joint_noise_arctique_semantic_blood_cells_dropout_pu_0_25,0_25,0.34296884178183973,0.49769100718830594,0.6661923678054652,0.8517735282028052,1.0354346071044134,1.0697762834036568,0.4512640802571331,0.5208804678804423,0.6100748282157472,0.7772458186200792,0.6651334240741961,1.1563134765625003,0.8111547851562503,0.5782463645935059,0.512521629333496,0.4942312358856201,0.6698318358856739,0.5255977843884174,0.1246781720405392
253,joint_noise_arctique_semantic_blood_cells_dropout_pu_0_25,0_25,0.3273041630327498,0.5273236314034434,0.650780717402043,0.842362694186625,1.0441578206816244,1.0799860605820943,0.44552883907607227,0.5352344773319408,0.6295214309905766,0.7717856948534308,0.6589951243798342,1.19748046875,0.903970947265625,0.6896866607666016,0.5693897104263306,0.5394599016189576,0.700708799372719,0.5276229091022331,0.4185952479810313
230,joint_noise_arctique_semantic_blood_cells_dropout_pu_0_25,0_25,0.4164672149454418,0.5295751535374615,0.6570858386961671,0.8044885525065039,1.0376177161370228,1.0806885172119547,0.5258055653719947,0.5964207698836336,0.6815197295597434,0.7987368645596725,0.6691322632584048,1.384169921875,0.971656494140625,0.6552376556396483,0.5954193878173828,0.569501986694336,0.6411569951132408,0.5601425429644693,0.5044517660502621
221,joint_noise_arctique_semantic_blood_cells_dropout_pu_0_25,0_25,0.32233489533973625,0.5118891342514992,0.6563527044488906,0.82837128115794,1.0254732933065998,1.0599355549914997,0.4316726293421652,0.5098787874486966,0.6079835023535274,0.7608545597896563,0.6372048487852526,1.1665283203125,0.8314361572265628,0.565898971557617,0.5167001485824585,0.49649738540649413,0.658351212652617,0.49959539062053615,0.2852459507741701
304,joint_noise_arctique_semantic_blood_cells_dropout_pu_0_25,0_25,0.38709656033461215,0.5457963664966753,0.6927646081459632,0.846652443670064,1.034056409114232,1.0715023956919947,0.5184542084297361,0.5995676722967177,0.7056723881415063,0.8727846973555314,0.7223280363266834,1.2539404296875,0.9400732421875,0.7266375732421875,0.6301940917968751,0.5925330322265626,0.741755985236366,0.6293691656217942,0.8965432907404669
228,joint_noise_arctique_semantic_blood_cells_dropout_pu_0_25,0_25,0.33253620722462074,0.5062057223455947,0.6705023207097505,0.8601042133363201,1.0448154976311008,1.0764898404717413,0.4348150085191476,0.5070859846029048,0.6097117982172414,0.7779643263029448,0.6550650644644971,1.104794921875,0.7761105346679688,0.5678831481933594,0.4747135704755782,0.469774390411377,0.6654296012663775,0.5115441279225358,0.0814862485945613
240,joint_noise_arctique_semantic_blood_cells_dropout_pu_0_25,0_25,0.33640274593926733,0.5029875421971888,0.6493984389159376,0.808854541047817,1.0349898493768954,1.0764302571614583,0.4412281742269619,0.5131546006424674,0.6079235285895592,0.7473001148547451,0.6288883080178025,1.12439453125,0.8368136596679687,0.5806913757324219,0.5172646427154541,0.4890561828613281,0.6165477789185259,0.4996738066907637,0.1039371373028865
311,joint_noise_arctique_semantic_blood_cells_dropout_pu_0_25,0_25,0.32498641543497797,0.4979618732818281,0.6604210942001961,0.8383761025470731,1.0304312790913384,1.0668075528376177,0.43206934642043443,0.5046552559672349,0.5967161567677035,0.7584779424454866,0.6540257797074898,1.1262158203125,0.8340594482421875,0.6148905944824219,0.4948164975643157,0.46267912216186524,0.60262394223116,0.5061787665449693,0.1944941328707623
303,joint_noise_arctique_semantic_blood_cells_dropout_pu_0_25,0_25,0.42413764583398006,0.5290185079141179,0.6508925030133205,0.8279892091003563,1.0314020592396653,1.069457845008669,0.5369760220616221,0.6023296059875872,0.6811293226764683,0.8016353240430178,0.6648428501359834,1.1288085937500003,0.8938534545898439,0.730567398071289,0.6165783119201659,0.5794567096710206,0.6558257276228249,0.5355626287228086,0.4968551576148192
229,joint_noise_arctique_semantic_blood_cells_dropout_pu_0_25,0_25,0.33504889403411653,0.5042548364379373,0.6621092775516398,0.8311253526564234,1.046068510021989,1.0821922406611715,0.4448798907146105,0.5171350429839355,0.6157848769840167,0.7696876480823999,0.6379459986951044,1.184609375,0.8825268554687503,0.6306177520751953,0.5058478927612304,0.48677726440429697,0.6357276633011939,0.5105548702420493,0.0719569747945875
239,joint_noise_arctique_semantic_blood_cells_dropout_pu_0_25,0_25,0.35684826054784935,0.5046639263543995,0.6790433920549163,0.8552884848701701,1.0442504356738063,1.082839087041885,0.463211834166963,0.5332523322438545,0.6304016931467675,0.8083948983150955,0.698972158955191,1.2498095703125,0.9703790283203125,0.6603440856933592,0.5273281478881836,0.48656062927246096,0.6573551432591318,0.5763925293993885,0.6086189346743686
224,joint_noise_arctique_semantic_blood_cells_dropout_pu_0_25,0_25,0.3575182584027061,0.5126839507488593,0.6697068930400373,0.8505014786549878,1.0380928121186879,1.0722460794483768,0.4698298568576758,0.5426063716172558,0.6417050068713163,0.794869437750837,0.6438935770869896,1.1379052734375001,0.8062866210937502,0.599771728515625,0.5092554092407228,0.4876453536987306,0.6731037404075009,0.4990641091621715,0.253881237911922
205,joint_noise_arctique_semantic_blood_cells_dropout_pu_0_25,0_25,0.3134735415078467,0.49819341661543987,0.649327657429268,0.8169799313193558,1.0348819574452766,1.0772785837110368,0.4101814186908303,0.4809862553533701,0.5797369693262245,0.7294850764272779,0.6040931540850644,1.130439453125,0.7977157592773437,0.5513580322265625,0.4651925802230835,0.43608247680664064,0.6175201765019923,0.45944415539224714,0.0880521392478746
231,joint_noise_arctique_semantic_blood_cells_dropout_pu_0_25,0_25,0.29166707334661623,0.5139743544872419,0.6594593343003841,0.829565552756487,1.0387599443635607,1.0729976248514477,0.39768633405030157,0.48637911449871085,0.5922752522419299,0.7483408021475236,0.6214345526617706,1.09892578125,0.7890255737304689,0.6301675415039063,0.5031392836570739,0.48668249197006236,0.7002378072071336,0.4941751089686003,0.2572376151659362
211,joint_noise_arctique_semantic_blood_cells_dropout_pu_0_25,0_25,0.29649752261502726,0.5156942584976311,0.6795870391166252,0.8624057374778369,1.0696688715473506,1.1103081722446624,0.39536526965320723,0.4756078805909789,0.5851296289482111,0.7751558353917356,0.6404332817585754,1.2592333984375,0.953551025390625,0.5774969577789305,0.4800299793481827,0.4651013889312745,0.6207869348061307,0.5011518230544643,0.1112876796332734
223,joint_noise_arctique_semantic_blood_cells_dropout_pu_0_25,0_25,0.3267988450243138,0.5175466663578543,0.6779135769148581,0.8304125893767884,1.0361904074928978,1.0745381195710149,0.42381629389306086,0.49990969949924285,0.6085207126284605,0.7887549567465387,0.6690091164298905,1.2205029296875,0.8837960815429688,0.6228173828125,0.5706805229187012,0.5366132934570313,0.6585574140596722,0.5646690800660219,0.2065819428591163
301,joint_noise_arctique_semantic_blood_cells_dropout_pu_0_25,0_25,0.3128995948281954,0.49134621008892254,0.6516633165976374,0.8159146084958848,1.0244167464984144,1.0580996788537549,0.3959307691873791,0.46092550563090656,0.5579207490706615,0.7242736537196935,0.6271043329533338,1.0782958984375,0.7721084594726563,0.5671031188964843,0.527000513076782,0.5174863525390626,0.576212405301945,0.4937967992205674,0.0848248696735171
227,joint_noise_arctique_semantic_blood_cells_dropout_pu_0_25,0_25,0.3052089540506131,0.5220270214625453,0.6855053559820135,0.8493999890660684,1.0388592694256757,1.0743144793115988,0.4047493167569094,0.4846072684638947,0.5975545006901414,0.7900903214221049,0.6761658069752218,1.103759765625,0.7947546386718749,0.5913890838623047,0.48690924167633054,0.4619766441345215,0.672358143714769,0.5573273766020351,0.1206048989266251
252,joint_noise_arctique_semantic_blood_cells_dropout_pu_0_25,0_25,0.35992263591106166,0.502505036797778,0.6687526961066259,0.8352159910338169,1.02700249767658,1.062607614145607,0.4512413589780969,0.5203382984283493,0.6197056828598209,0.7825810566186397,0.6517428809923232,1.0629638671875,0.7902447509765627,0.6162759399414063,0.5312101840972899,0.5035555786132814,0.6759248217456899,0.5154347986764907,0.124719655647757
212,joint_noise_arctique_semantic_blood_cells_dropout_pu_0_25,0_25,0.3404828848761099,0.5205706116485946,0.6570752426772658,0.8435160450813034,1.0530528965799204,1.088445483618001,0.4609836518586509,0.53990409017478,0.6360323833775007,0.7789690719583618,0.6577364252417127,1.2638183593750005,1.0702081298828126,0.7535287475585936,0.5609662485122681,0.5282020172119141,0.6730979219347726,0.5196107180966059,0.441219762542051
204,joint_noise_arctique_semantic_blood_cells_dropout_pu_0_25,0_25,0.5193822299715976,0.5691079856537982,0.6605425647167563,0.8299997887095206,1.0320298503074088,1.07197501423062,0.6175113250337337,0.67334751036109,0.7506017578149824,0.8940712668256416,0.7468225200505401,1.185595703125,0.8796844482421875,0.7394676208496094,0.6559632492065429,0.6366226684570313,0.7222376139235698,0.6357234260676374,0.7934779857146184
232,joint_noise_arctique_semantic_blood_cells_dropout_pu_0_25,0_25,0.31257390485552605,0.5041604292638098,0.6610321086692444,0.828296793700446,1.0305688491642218,1.0656482400200369,0.42029720943236015,0.49621060180221815,0.5971696621464436,0.7541288832196177,0.6237724580715792,1.1592919921875,0.879251708984375,0.5890250015258788,0.4874540936946869,0.47039211349487303,0.6637346135839508,0.4960769393928287,0.2394229888976494
214,joint_noise_arctique_semantic_blood_cells_dropout_pu_0_25,0_25,0.30941074117436074,0.500213372902792,0.6696225957370129,0.8404708667360808,1.033233514353007,1.0686619837830205,0.4092538333552849,0.4839087747840515,0.58260585829727,0.760199220240082,0.6373205272339314,1.1360400390625,0.8310940551757814,0.5640743637084961,0.5176880359649658,0.4884865234375,0.6663855467921449,0.5101050599268393,0.1802389940483242
308,joint_noise_arctique_semantic_blood_cells_dropout_pu_0_50,0_50,0.29302645013376605,0.5018138472741328,0.6512197158672073,0.8230865251218885,1.043427476289429,1.0811473161198937,0.3959466874420167,0.4741313199446399,0.574183687019576,0.7298628775704648,0.6199161702944923,1.1766552734375,0.7533929443359375,0.5753297424316405,0.46977906703948974,0.43750185394287117,0.6195106317539952,0.47657440050667,0.0784021516700583
235,joint_noise_arctique_semantic_blood_cells_dropout_pu_0_50,0_50,0.360489361519285,0.5095490757860193,0.660834202529413,0.8277195832920301,1.0305149421017115,1.0636446111612514,0.4680828933457214,0.5396061099164214,0.634075648062639,0.7819875470887149,0.6546111640010939,1.1141455078125002,0.9208013916015626,0.726678466796875,0.5564853662252426,0.5269996322631836,0.6986148432345081,0.5298076881256635,0.1811063589905013
309,joint_noise_arctique_semantic_blood_cells_dropout_pu_0_50,0_50,0.481759778529522,0.5525660244109214,0.6486932091440964,0.7981993150772789,1.007651290369488,1.0547232524600378,0.5857398873112382,0.6435458811225092,0.7109934095459713,0.816801744101939,0.6776953759438936,1.1910546875,0.8443469238281252,0.7618980407714844,0.7059160995483399,0.6819151489257812,0.6881357638467859,0.5606183875198445,0.3146668698708361
254,joint_noise_arctique_semantic_blood_cells_dropout_pu_0_50,0_50,0.3574772795109311,0.5149299290609413,0.6693076258996434,0.8405813705902955,1.0364708601354091,1.0710351793093271,0.47273747299409785,0.5463795254953964,0.6444162680817223,0.8026176742948535,0.674937242254233,1.1764501953125,0.8839227294921878,0.6253762054443359,0.5352532100677491,0.5220867187500001,0.7157451565129965,0.5688103241576639,0.2187159220108884
312,joint_noise_arctique_semantic_blood_cells_dropout_pu_0_50,0_50,0.5261433801806561,0.5593440417756533,0.6411865602958695,0.8537824196615735,1.0407841656437808,1.078687071834127,0.609763373574402,0.6584193678810497,0.727895495987311,0.8776607905766703,0.7330278612789713,1.19716796875,0.902596435546875,0.6933547973632812,0.6104212856292724,0.5993894958496093,0.7230158107555302,0.5966194296238394,1.0
207,joint_noise_arctique_semantic_blood_cells_dropout_pu_0_50,0_50,0.34350159262976376,0.5058819310654917,0.664320203063421,0.8291237250792803,1.038500993996965,1.0734270942548152,0.44016776273003755,0.5107013925020354,0.6118831861197171,0.7745581936004603,0.6578461861676815,1.20326171875,0.8593054199218751,0.6127301025390625,0.5715506362915039,0.554638934326172,0.6608334333975506,0.5463929361335239,0.0755976921033941
258,joint_noise_arctique_semantic_blood_cells_dropout_pu_0_50,0_50,0.35096369207894895,0.5089485493833846,0.6640922981948902,0.8320106486399156,1.0502476855240046,1.0873380494349212,0.45422417290247996,0.5267219504751595,0.6263422258004623,0.7792733576746306,0.656650059794542,1.1120898437500002,0.8456051635742188,0.5985628509521485,0.518988299369812,0.48685470581054696,0.6863357829228267,0.5369141184863482,0.1563246073808636
260,joint_noise_arctique_semantic_blood_cells_dropout_pu_0_50,0_50,0.4290932809926744,0.5038769786768049,0.6821976100385232,0.8505194193474622,1.031274192977846,1.0674797755529346,0.5128442196740047,0.5792713796281603,0.6768855249915386,0.8471896234630173,0.7079135704842007,1.1583935546875,0.876553955078125,0.6817787933349609,0.5246229553222655,0.5020095275878907,0.6504616021306373,0.5714467594138066,0.6992382208472034
238,joint_noise_arctique_semantic_blood_cells_dropout_pu_0_50,0_50,0.4225738437799009,0.5378147814473369,0.6547431222324368,0.8220279735496578,1.0300735890539618,1.067709095583251,0.5429589228321954,0.6107972821908674,0.6905584283129087,0.8159458805635947,0.6905584283129087,1.1494238281250002,0.821475830078125,0.7061280822753905,0.640596351623535,0.6104831420898438,0.7170212601994024,0.5817328367517423,0.5744872921183355
305,joint_noise_arctique_semantic_blood_cells_dropout_pu_0_50,0_50,0.4073705018963665,0.5432611539976404,0.6503734978410544,0.8293289977243138,1.0357268692088968,1.0726574373100304,0.5381068922695397,0.6060862260933031,0.6838281306974197,0.8144471100886461,0.7011816567990746,1.2637109375,0.9231427001953126,0.6799650573730469,0.6227016830444336,0.5808437438964845,0.6769576316583384,0.5900971099764176,0.4919496892239137
302,joint_noise_arctique_semantic_blood_cells_dropout_pu_0_50,0_50,0.3423795443959534,0.5220505981877952,0.6626609286341344,0.8421136166837474,1.037044263888148,1.0710894036856746,0.45993116910414644,0.5401262183382513,0.6386089307254398,0.7836788986263056,0.6522426985948642,1.179326171875,0.8780691528320314,0.6926577758789062,0.5239243984222413,0.5060465034484865,0.7251268131099399,0.510837948112696,0.1443329709105279
226,joint_noise_arctique_semantic_blood_cells_dropout_pu_0_50,0_50,0.4362808543328356,0.5277190821729731,0.6809818386938826,0.858609802106134,1.0317376512774163,1.0664631432058258,0.541198561576802,0.6102137225612226,0.7045978615655614,0.8734923862742996,0.7193389991291366,1.28048828125,0.928011474609375,0.6345174407958984,0.5397280396521091,0.5226064995765687,0.6569036836218277,0.5768936793751241,0.4554669378559263
233,joint_noise_arctique_semantic_blood_cells_dropout_pu_0_50,0_50,0.5140402754532261,0.5520614667992394,0.6363047474962091,0.8019816949943674,1.0269205458856654,1.0661192801339285,0.5996572017747597,0.6477699493519716,0.7096015870582492,0.8159733519856026,0.6865740642676,1.13841796875,0.80050048828125,0.6763345336914063,0.6202224540710448,0.5916720581054687,0.7140080358639769,0.5791968546786299,0.5115808127597089
202,joint_noise_arctique_semantic_blood_cells_dropout_pu_0_50,0_50,0.3714374433038756,0.5065784296468365,0.6787650249344759,0.8482114934851176,1.0446105130870336,1.0782957486579754,0.4694683836028256,0.5395267375204855,0.6396975931431981,0.8130342296913098,0.6893003515813679,1.1327734375,0.9052194213867187,0.5919464111328123,0.5057926940917968,0.482455487060547,0.7167850619134828,0.5619192365539876,0.1554505861266779
306,joint_noise_arctique_semantic_blood_cells_dropout_pu_0_50,0_50,0.38393019164868747,0.5282022322194657,0.676559925442775,0.8584237084384377,1.037061126628463,1.0709634300531459,0.5076014028336249,0.5819357473185204,0.6794098931581027,0.8376644594519307,0.6797828584997423,1.2002539062500004,0.9134124755859375,0.7416647338867187,0.5636421871185302,0.5360680145263672,0.7140104682394004,0.536923701348743,0.5559960622726919
219,joint_noise_arctique_semantic_blood_cells_dropout_pu_0_50,0_50,0.4292886157054454,0.5128521888436942,0.6727418787860344,0.8504835883032639,1.0460124135135374,1.0843338347492097,0.5229082738961824,0.5892581178270485,0.6811355654979294,0.8375193078957867,0.6792696831610856,1.3046533203125,0.9860430908203125,0.6730946350097656,0.5484770965576172,0.5350116271972656,0.6954189263646974,0.5495305854569101,0.8076197151240404
261,joint_noise_arctique_semantic_blood_cells_dropout_pu_0_50,0_50,0.31132388088008156,0.5187570693864479,0.6736506878677259,0.871811375982407,1.0574390121916777,1.0879617196542246,0.41991089193134057,0.5030405783868989,0.6103333275312508,0.7863185435618689,0.6514804154300294,1.2279248046875002,0.8640338134765626,0.629183578491211,0.5092528247833252,0.48576535034179685,0.716369958429216,0.5234416032060579,0.1902494966488768
213,joint_noise_arctique_semantic_blood_cells_dropout_pu_0_50,0_50,0.35806017331196927,0.5330262549523356,0.6838710502278125,0.8692222462016574,1.0488721548449371,1.0818484812105988,0.4852399921514416,0.5658465886993457,0.6700904587817728,0.8452948868049731,0.6746392064254516,1.2133740234375003,0.8939651489257813,0.6376779556274412,0.5537162780761719,0.5603970031738281,0.6867013998733986,0.5454239955451455,0.5767688219106201
215,joint_noise_arctique_semantic_blood_cells_dropout_pu_0_50,0_50,0.2885677948106604,0.5160859900789646,0.6705489922055834,0.8505818703216457,1.0394295150112833,1.074334734241029,0.3948463011353632,0.48370679019368373,0.5913348888237951,0.7651098470206946,0.6463400466699274,1.1257275390625003,0.818857421875,0.6157257843017578,0.5137801957130431,0.4697305530548096,0.6794505342981643,0.5001155742463765,0.3159111605568806
206,joint_noise_arctique_semantic_blood_cells_dropout_pu_0_50,0_50,0.2932875894330209,0.5213374715958068,0.6727733130994041,0.8458494767585197,1.0436825983902382,1.0856407252841789,0.40312802982497126,0.49652179308697314,0.6054365611241576,0.7777427024498897,0.6628221327627903,1.1673681640625,0.8541131591796876,0.6050582885742187,0.519690990447998,0.4990922729492188,0.7107251386198222,0.5400605290303102,0.2529753182814983
216,joint_noise_arctique_semantic_blood_cells_dropout_pu_0_50,0_50,0.40376342428453427,0.5350463228854785,0.6512296819805348,0.8252336851254993,1.0245842196867143,1.0628305609316604,0.5311353323025306,0.5995182427513513,0.6792204068390983,0.8044316906862514,0.6827844655044631,1.0985400390625002,0.8037210083007813,0.7039137268066407,0.5760889220237729,0.5621935623168945,0.6752034549986019,0.5582870672685509,0.4182716083286429
222,joint_noise_arctique_semantic_blood_cells_dropout_pu_0_50,0_50,0.31699674158153357,0.5041409310338455,0.6920236868574251,0.8740646211043501,1.045098856224915,1.0813126197228065,0.4356809366774613,0.5092101079871068,0.6111527336946763,0.8131004230219256,0.7430666575223248,1.2586328125000004,0.9307015991210937,0.5932626342773437,0.5043545627593992,0.5081181823730467,0.6813018435299724,0.6253454081345758,0.793207791093822
220,joint_noise_arctique_semantic_blood_cells_dropout_pu_0_50,0_50,0.2723287964345218,0.49646401012726915,0.6575455969976733,0.8393308740786826,1.0418287160568904,1.0740051733559302,0.36919984145793455,0.44521016982588313,0.5456857434798432,0.7221526663826587,0.6036491567372143,1.1362500000000002,0.7629208374023437,0.6075809478759766,0.43967390060424805,0.4151517059326173,0.598436459056973,0.46306480627818997,0.0466552799994128
217,joint_noise_arctique_semantic_blood_cells_dropout_pu_0_50,0_50,0.29323765287699644,0.5065435828473452,0.6694431041785018,0.8477910124155027,1.0544068800735877,1.0945071726831896,0.39513387010791257,0.4802098944373008,0.5837350785061992,0.7615000902517414,0.6411141151268975,1.15197265625,0.8854974365234376,0.617303466796875,0.5081213414669037,0.4812974113464356,0.7330054316969267,0.5212651474855405,0.0850233661084564
259,joint_noise_arctique_semantic_blood_cells_dropout_pu_0_50,0_50,0.459557541529648,0.5508783566423187,0.675484283599165,0.8407792360353307,1.043636019506828,1.083251917447574,0.572992066889437,0.6398584271526967,0.7278789053575848,0.8841568172186881,0.7257613013800511,1.2629492187500002,1.08842529296875,0.7443643951416016,0.6459524726867676,0.61408369140625,0.7438047267939404,0.6070674532330333,0.8363212214006528
310,joint_noise_arctique_semantic_blood_cells_dropout_pu_0_50,0_50,0.32310578625038033,0.5208604220945455,0.6518085531775667,0.8284204759058709,1.0165878710658083,1.0508557368259803,0.4421611145380072,0.5273326658215448,0.6240360548750857,0.759029905308255,0.6461036478239147,1.0429541015625,0.7633529663085937,0.6117504119873047,0.52063363134861,0.49557106971740733,0.6582975517247082,0.49769656130731754,0.1142773364180784
210,joint_noise_arctique_semantic_blood_cells_dropout_pu_0_50,0_50,0.4190599485154962,0.5300688083608731,0.6794223026637769,0.8365854973194362,1.0241085024470422,1.0635979189510234,0.534970002475497,0.6059202135269294,0.7013627890954726,0.8571481885759463,0.6975261889739797,1.123828125,0.8400253295898438,0.7347488403320312,0.6585341453552245,0.6212725463867188,0.7421526066328161,0.5924687734319678,0.8705136189094662
256,joint_noise_arctique_semantic_blood_cells_dropout_pu_0_50,0_50,0.34701277779822703,0.49990342004344723,0.6654482788406549,0.852873276134276,1.0380074070494338,1.0736765736822185,0.4580914425774822,0.527732969592872,0.6166795678019418,0.7810567010692984,0.6709636968015208,1.1506640625,0.8115789794921875,0.58174072265625,0.5183885383605957,0.5023229217529298,0.6833119393981772,0.530319551212259,0.1246781720405392
253,joint_noise_arctique_semantic_blood_cells_dropout_pu_0_50,0_50,0.3342789742619061,0.5328570515356117,0.6487639273369955,0.8348335051632311,1.035386492563523,1.0714797924251618,0.45743956033075517,0.5487929202883541,0.6391297046214375,0.776378528632964,0.6778167116689492,1.135263671875,0.8368566894531253,0.7107188415527342,0.5674989891052246,0.5390855663299561,0.6900450017334072,0.5412491452929455,0.4185952479810313
230,joint_noise_arctique_semantic_blood_cells_dropout_pu_0_50,0_50,0.42601678398750664,0.5353705339454563,0.6599401255941636,0.8117775050511978,1.0504637568074393,1.0946241940515806,0.5386516789917758,0.6088214337949913,0.6924014879916774,0.8142485541705488,0.6784886801393823,1.426220703125,1.0025112915039063,0.6729346466064453,0.59610315322876,0.5695651580810547,0.6878411801612584,0.5702281852134446,0.5044517660502621
221,joint_noise_arctique_semantic_blood_cells_dropout_pu_0_50,0_50,0.3297659065719927,0.514457299272882,0.6557267377083101,0.8230843665108821,1.022736110622891,1.0551135367990654,0.4445746379952181,0.5237581271128066,0.6191616461528995,0.7660747170946935,0.64744465629672,1.1208447265625,0.8103091430664062,0.616297607421875,0.53951358795166,0.5250730468750002,0.6558510757471586,0.5080547287783115,0.2852459507741701
304,joint_noise_arctique_semantic_blood_cells_dropout_pu_0_50,0_50,0.39535164780681953,0.5498655122260424,0.6931717245216512,0.8488130074537785,1.0339145942215497,1.0712343289085546,0.5304057840006764,0.6108680284972717,0.7150120049714285,0.8829256342518015,0.7307572145404341,1.2138720703125,0.9511566162109378,0.7288252258300781,0.6331412315368652,0.5939669799804689,0.7456259486134481,0.6430139766661557,0.8965432907404669
228,joint_noise_arctique_semantic_blood_cells_dropout_pu_0_50,0_50,0.3409813844591554,0.5078577909567995,0.6712545196551075,0.8670718270941408,1.0522014253680674,1.0848969082765016,0.44751740728390155,0.520425363850688,0.6216543949658296,0.7888801532234233,0.6657247506246253,1.13432373046875,0.8405038452148439,0.5901799774169922,0.514741541147232,0.49212051010131835,0.6829736855073851,0.5214701060386849,0.0814862485945613
240,joint_noise_arctique_semantic_blood_cells_dropout_pu_0_50,0_50,0.3435324670354021,0.5074407686548673,0.6546706478152655,0.8214018132813024,1.043314609773956,1.082462246857542,0.45232676062504085,0.5252565458175043,0.6203617129943411,0.7622079244474086,0.6407896238444643,1.133369140625,0.8241546630859377,0.5834565734863282,0.5160166931152341,0.49522890453338625,0.6761734715031813,0.511801577234005,0.1039371373028865
311,joint_noise_arctique_semantic_blood_cells_dropout_pu_0_50,0_50,0.3327785145957023,0.5030196500716068,0.6604178720304483,0.841161104376764,1.0373119248943048,1.074600890165593,0.4449451842303887,0.5187494454692732,0.6105368402592409,0.7687728739013393,0.6666185423328294,1.1927685546875,0.84725341796875,0.6064176177978516,0.5363857078552247,0.500415365600586,0.6215071359856997,0.5140010377272588,0.1944941328707623
303,joint_noise_arctique_semantic_blood_cells_dropout_pu_0_50,0_50,0.43670387814199785,0.5377819898103938,0.6559507498477007,0.8369045596840602,1.0337098680920536,1.0711729518492215,0.5522979409183092,0.6173408799442174,0.6962801154409944,0.8231517827875617,0.6795847697961582,1.19940185546875,1.0106146240234375,0.7510861206054688,0.6319174766540527,0.595688442993164,0.6719696240631153,0.5480697818945842,0.4968551576148192
229,joint_noise_arctique_semantic_blood_cells_dropout_pu_0_50,0_50,0.33808313560439274,0.5049856608909553,0.6586716169881044,0.8285041643552762,1.0440814434422026,1.0805064144297543,0.4503759927395636,0.5230731062277889,0.6197543643882872,0.7677273075953341,0.6404558734775112,1.2012158203125,0.86897216796875,0.6295964813232423,0.5036998653411867,0.49095830078125,0.6508739081577142,0.5103357194622403,0.0719569747945875
239,joint_noise_arctique_semantic_blood_cells_dropout_pu_0_50,0_50,0.36190936900675297,0.5092012648062739,0.6779532077825907,0.8567300610435392,1.0480950223983105,1.085968513586666,0.4714072809153051,0.5425253157322901,0.6400215757547841,0.8156005933819466,0.7074702077160193,1.2528662109375,0.9777719116210938,0.6596348571777342,0.5264289093017578,0.5053150329589845,0.6727219681758025,0.5840348095652816,0.6086189346743686
224,joint_noise_arctique_semantic_blood_cells_dropout_pu_0_50,0_50,0.3653785851347493,0.5152841158464048,0.6695648628716958,0.8514672355083255,1.0395445471250675,1.0737884970377072,0.48151985348193777,0.5542335747039855,0.6517823640392029,0.8009766995796028,0.6532264445095441,1.1645947265625,0.8260046386718751,0.6470559692382811,0.5334531116485597,0.5020523681640625,0.6753259625739726,0.5061362125133224,0.253881237911922
205,joint_noise_arctique_semantic_blood_cells_dropout_pu_0_50,0_50,0.32126242114100023,0.4991576116652488,0.6499142853385724,0.8194928258113008,1.0427970626727254,1.082568248653628,0.4218490320081877,0.4935554022485991,0.5906207754438415,0.735776740274265,0.61409316398011,1.1650634765625,0.7965699768066408,0.5581895828247069,0.46821475028991716,0.43721096801757814,0.6304135435626005,0.4729351843771996,0.0880521392478746
231,joint_noise_arctique_semantic_blood_cells_dropout_pu_0_50,0_50,0.2994205484246777,0.5200366922962038,0.6670225363898784,0.8474708580899935,1.0392924807047488,1.071790978659246,0.4096274079024126,0.5013580388582388,0.6085544495108423,0.7692691202615095,0.6386081473572139,1.0877001953125003,0.8125131225585938,0.6260935211181642,0.5175672245025634,0.5043860862731936,0.6738660857796203,0.5130751739562762,0.2572376151659362
211,joint_noise_arctique_semantic_blood_cells_dropout_pu_0_50,0_50,0.2976099181360041,0.5135793022572279,0.6766056566455696,0.8538919533065453,1.060835975263794,1.1024189417133754,0.3979296367981275,0.4784700641221929,0.5866140362426235,0.7717784240594602,0.6415274159063279,1.24185546875,0.9442135620117188,0.5575740337371825,0.46050936341285703,0.45028319473266604,0.6167202970934326,0.5045996841919461,0.1112876796332734
223,joint_noise_arctique_semantic_blood_cells_dropout_pu_0_50,0_50,0.3314951527372614,0.5155906992510331,0.6758394979755094,0.8294184118106139,1.0410512100726477,1.0789809440759377,0.4313817664890347,0.5073705744234294,0.6139039869910805,0.7902528763690045,0.6727851472871291,1.154541015625,0.8162481689453126,0.6439443969726563,0.575663890838623,0.5400830871582032,0.6608676067826231,0.5713397373779959,0.2065819428591163
301,joint_noise_arctique_semantic_blood_cells_dropout_pu_0_50,0_50,0.3195979748343234,0.4900682587197525,0.6501266654880568,0.8161824412636334,1.0251260290746145,1.0589833968071787,0.4050000256995732,0.47029787722759625,0.5657237969230335,0.726351091338367,0.6321846783378625,1.0823291015625,0.7669183349609375,0.5768054962158203,0.5350360012054441,0.5256043701171874,0.5793644108755875,0.49869054832229626,0.0848248696735171
227,joint_noise_arctique_semantic_blood_cells_dropout_pu_0_50,0_50,0.309277484062477,0.5197532246949604,0.6847211003076116,0.844369561707066,1.0350304519895148,1.069825582317847,0.41232434888844366,0.4927340890173861,0.6035859029241673,0.7924117303081866,0.6813480376768504,1.1016137695312502,0.8179522705078126,0.6031919097900391,0.492978093624115,0.4697632942199707,0.680871019423906,0.5655487424293766,0.1206048989266251
252,joint_noise_arctique_semantic_blood_cells_dropout_pu_0_50,0_50,0.37070785639207315,0.5022723660344791,0.6675585154789766,0.8409628577191507,1.034652052942656,1.070531640625,0.46435369544093386,0.5327997596382958,0.629294462676955,0.7889215683792554,0.6594970891172239,1.0630273437500002,0.8147500610351562,0.6245890045166016,0.5396959400177002,0.510280096435547,0.6916313806627268,0.5230991819380647,0.124719655647757
212,joint_noise_arctique_semantic_blood_cells_dropout_pu_0_50,0_50,0.3519311306918098,0.5266632986140979,0.6574603499319532,0.8433172323884475,1.0424047836875878,1.077281489697088,0.47806663736858546,0.5573819423555283,0.6503594649138734,0.7903874788770945,0.6711776337236122,1.2703173828125,0.9270544433593751,0.7133019256591797,0.5584637355804444,0.5443185089111328,0.6941043181254325,0.5326036730144872,0.441219762542051
204,joint_noise_arctique_semantic_blood_cells_dropout_pu_0_50,0_50,0.5272517538123793,0.5757826177157734,0.664431588585188,0.8320253281294548,1.0305715145646797,1.0685478190936701,0.6264748829936001,0.6830751927603583,0.7608650904166561,0.9063726287311299,0.7553250703176515,1.192138671875,0.8724554443359375,0.74114990234375,0.664584732055664,0.6440087768554688,0.7477315795534302,0.645434619011036,0.7934779857146184
232,joint_noise_arctique_semantic_blood_cells_dropout_pu_0_50,0_50,0.3220218432797992,0.50897308362768,0.6642763834569281,0.8398258699459047,1.0373899992177722,1.0693561974811032,0.4358543132150808,0.5143527808266074,0.61412458450594,0.7696457805112856,0.6383415253339143,1.14125,0.8913296508789063,0.6033053588867188,0.528160216808319,0.5075719238281252,0.6952235407989494,0.5086749918732086,0.2394229888976494
214,joint_noise_arctique_semantic_blood_cells_dropout_pu_0_50,0_50,0.3131593050493393,0.5022536718398589,0.6710523162379041,0.8476413242231219,1.0457264537280166,1.0810531496062992,0.4157967250948546,0.4917684261371439,0.5902019626118555,0.7682292906415432,0.6454645098488226,1.1309960937500003,0.8312927246093753,0.5834660339355469,0.5338262176513671,0.5040527709960938,0.7137116112272812,0.5179892523045007,0.1802389940483242
308,joint_noise_arctique_semantic_blood_cells_dropout_pu_0_75,0_75,0.31464925531327026,0.5140609568822695,0.6590303186268937,0.8464342238651548,1.0551966543416031,1.0903694214458806,0.43055282081242474,0.5153801776624786,0.6144866194675941,0.7663502243110574,0.6571856562032545,1.0918164062500002,0.8850955200195313,0.5892409515380858,0.5322858715057373,0.514333071899414,0.6298348565712794,0.5103391959633186,0.0784021516700583
235,joint_noise_arctique_semantic_blood_cells_dropout_pu_0_75,0_75,0.39017427594808396,0.5316706299220691,0.6727266990110057,0.8520034238884202,1.0381090545141225,1.0718602562216701,0.5148074337345018,0.5883636414115868,0.6823723864069347,0.8383540859357191,0.6994431873970607,1.2082861328125,0.9014929199218753,0.7164106750488282,0.611092414855957,0.5831986907958985,0.736772358427386,0.5749517832467709,0.1811063589905013
309,joint_noise_arctique_semantic_blood_cells_dropout_pu_0_75,0_75,0.5023595365528308,0.571937325214081,0.6580332812455526,0.8109071012473985,1.0313514234050445,1.075111575165399,0.6114015392729816,0.668600967692167,0.7353073013108706,0.8542239094643604,0.6985424986594039,1.1691943359375,0.865814208984375,0.7573237609863281,0.698316535949707,0.6734513671875,0.7013100617892054,0.5829127603638495,0.3146668698708361
254,joint_noise_arctique_semantic_blood_cells_dropout_pu_0_75,0_75,0.3773924828710733,0.5345655161368659,0.6756099072000271,0.8551459688528603,1.0430660879441005,1.0769860588299967,0.5066613742193588,0.5838068327368765,0.6807954613298308,0.8406853739555339,0.7095742969079581,1.170458984375,0.9014343261718751,0.6412464141845703,0.5632035064697266,0.5488710693359375,0.7606102563689134,0.5905917447268713,0.2187159220108884
312,joint_noise_arctique_semantic_blood_cells_dropout_pu_0_75,0_75,0.5610461298419978,0.5838156220404203,0.6798808046404584,0.8777151368904641,1.0509736443301343,1.0873115148142742,0.6482344388316467,0.7088176787090055,0.796013070703522,0.9864332981402811,0.7855739414875158,1.2342431640625,1.0842602539062502,0.7722830200195312,0.6490872001647949,0.6331400009155274,0.8134037141887248,0.6777968407644566,1.0
207,joint_noise_arctique_semantic_blood_cells_dropout_pu_0_75,0_75,0.36881978741439525,0.5102142307784031,0.6693770983400229,0.8374702385938566,1.0333160810205908,1.069060663292567,0.47677923518549664,0.5475428306854482,0.6456546777873553,0.8051509124976245,0.6899142196176551,1.1097998046875004,0.8479275512695312,0.6380291748046875,0.5908428001403808,0.57207607421875,0.693535170212819,0.5736001742871418,0.0755976921033941
258,joint_noise_arctique_semantic_blood_cells_dropout_pu_0_75,0_75,0.38366655039135367,0.5279083639807818,0.6690034006311748,0.8436433935500304,1.0428199496372557,1.0787761382603858,0.5052092981916059,0.5792933726423866,0.6733648459536682,0.824827318772465,0.7010464985244941,1.1370458984375,0.8404937744140625,0.6423541259765624,0.5486387336254119,0.5319845458984375,0.7298162148533311,0.5738421416161689,0.1563246073808636
260,joint_noise_arctique_semantic_blood_cells_dropout_pu_0_75,0_75,0.5008608236676082,0.5398198954006989,0.7012319633571419,0.8860327538517626,1.0577711620145631,1.0912032386237036,0.5894889634979779,0.6597071797103722,0.7615010313056121,0.9641186214587144,0.7813964312552099,1.319033203125,1.0676885986328128,0.6988072204589844,0.5735509014129638,0.5552145112991334,0.7382538393402522,0.6679706664147987,0.6992382208472034
238,joint_noise_arctique_semantic_blood_cells_dropout_pu_0_75,0_75,0.4589149299172277,0.5648667283811037,0.6706524256603859,0.8557562535165041,1.0587300289861723,1.0922635371437746,0.5885622876973278,0.6551561815897081,0.7366842583586518,0.8947806115927036,0.7315715569368157,1.21181640625,1.05967041015625,0.7057171630859375,0.6331165885925293,0.6076283233642578,0.7718624065600392,0.6233272780749014,0.5744872921183355
305,joint_noise_arctique_semantic_blood_cells_dropout_pu_0_75,0_75,0.4339627457302413,0.5699698799881522,0.6643723868853039,0.8476591402495783,1.041702143033932,1.0764497257056735,0.5765942966297924,0.644712374100998,0.7249885505437926,0.8752107510913756,0.758582250223978,1.2589892578125,0.9748388671875001,0.7157620239257811,0.617875690460205,0.598867995262146,0.7139864647027508,0.6386566846600176,0.4919496892239137
302,joint_noise_arctique_semantic_blood_cells_dropout_pu_0_75,0_75,0.3572793837665813,0.5406658971602634,0.6730176426027165,0.8579945522785989,1.0435817583869484,1.0790031051781286,0.4864677380726153,0.5716796506227209,0.671867521114167,0.8239348819655763,0.6888386674953284,1.189091796875,0.8856600952148438,0.686368408203125,0.6121386528015136,0.5848765747070311,0.7231779600255034,0.5459448216953049,0.1443329709105279
226,joint_noise_arctique_semantic_blood_cells_dropout_pu_0_75,0_75,0.47929228167049587,0.5524581144317794,0.6831180664122879,0.8710960243112637,1.0427964873708717,1.0777059005871845,0.5888925954332985,0.6559022863139112,0.7476506932553877,0.9283822522944305,0.7621893375477893,1.1826904296875,0.9323181152343747,0.666651916503906,0.5909642219543457,0.5760921630859375,0.7142303251325186,0.6276355429862748,0.4554669378559263
233,joint_noise_arctique_semantic_blood_cells_dropout_pu_0_75,0_75,0.5367813373522949,0.5732736650700779,0.6515528037409295,0.8212556751959066,1.0378575228079843,1.0731805749709395,0.6261186447861391,0.6770506236127926,0.7410336237900772,0.8688576022035027,0.7258170380776114,1.2226074218750003,0.8730346679687503,0.7012083435058594,0.6297240447998046,0.6134533689498901,0.7842341708588696,0.6018864864904444,0.5115808127597089
202,joint_noise_arctique_semantic_blood_cells_dropout_pu_0_75,0_75,0.38938542135292664,0.5189926308583614,0.6771440927388181,0.846998717641971,1.0359577365917885,1.0756356747599884,0.5036996154411013,0.574333219593999,0.6709556987332552,0.8364924098431848,0.7179586808472731,1.13849609375,0.88172607421875,0.6166617584228514,0.5398268032073974,0.5298875183105469,0.7262533562847817,0.5903570497141009,0.1554505861266779
306,joint_noise_arctique_semantic_blood_cells_dropout_pu_0_75,0_75,0.4180500717193354,0.5559820342635378,0.6913704068364045,0.8776132193173827,1.049675298016454,1.0830622732047364,0.5534215731841717,0.6294476072413128,0.7285064399962372,0.9096802125312011,0.7322748325567083,1.2285107421875,1.046265869140625,0.84008056640625,0.6870919227600097,0.637950146484375,0.7341045465435796,0.5867634246297172,0.5559960622726919
219,joint_noise_arctique_semantic_blood_cells_dropout_pu_0_75,0_75,0.48281578811293,0.5445505060989372,0.6880684694051236,0.8810234884327136,1.0648808207517448,1.099353673792641,0.5835280476020293,0.6511332397135318,0.7462128914445243,0.9359962583538306,0.7418796223150589,1.3950781250000004,1.27966552734375,0.7611399841308594,0.5947281074523926,0.5759953521728515,0.7658805743355148,0.6280532297038982,0.8076197151240404
261,joint_noise_arctique_semantic_blood_cells_dropout_pu_0_75,0_75,0.3243236961425282,0.52243323636925,0.6703682690936743,0.8629204463440154,1.0595469104193653,1.0957605967907387,0.44265983169238776,0.5288735272627297,0.6312729450410554,0.7960379888566812,0.6694729879011209,1.2689794921875004,0.8544384765625,0.6749073028564451,0.5350840568542481,0.5231512207031251,0.7248553117749639,0.5333006473258755,0.1902494966488768
213,joint_noise_arctique_semantic_blood_cells_dropout_pu_0_75,0_75,0.39448351644387003,0.5608452858768795,0.701016737352979,0.8884123154545059,1.0586236702459655,1.0903660670697795,0.5365265541633546,0.6201313912058399,0.726226319565245,0.9245850754351431,0.7458974047544966,1.26515625,1.0718951416015625,0.7101941680908204,0.6137079906463623,0.5869734436035157,0.7598172145249269,0.6030591161712329,0.5767688219106201
215,joint_noise_arctique_semantic_blood_cells_dropout_pu_0_75,0_75,0.3182422970639891,0.5393369112657259,0.6798739290564145,0.8676796458035017,1.0574274655526796,1.0918790507595362,0.4403098562774087,0.5408837861581917,0.6487921684635294,0.8202136975673538,0.7005636777651464,1.2531103515625,0.9418609619140627,0.6733566284179687,0.5832145881652832,0.5587041870117188,0.7335671197494775,0.5439999126151183,0.3159111605568806
206,joint_noise_arctique_semantic_blood_cells_dropout_pu_0_75,0_75,0.3091933186078677,0.5390757340474835,0.6773913958513832,0.859505025223546,1.052081317218363,1.0877358372326202,0.4293336767358866,0.5334436818957329,0.6426880086001925,0.8115284757355601,0.6993108979504432,1.22787109375,0.8369335937500001,0.655310287475586,0.5646357059478759,0.5530486572265625,0.740538933837086,0.5581831025303751,0.2529753182814983
216,joint_noise_arctique_semantic_blood_cells_dropout_pu_0_75,0_75,0.44142181432107463,0.5665499549989436,0.6729214840233224,0.8559483082077852,1.0439744156688437,1.079255517878436,0.5798646895284744,0.6486578508645032,0.733415610134841,0.8917313316946762,0.7320350333048905,1.1938818359375,0.9185198974609377,0.7210102462768555,0.6164155721664427,0.610923843383789,0.7524484355866159,0.6052287095535834,0.4182716083286429
222,joint_noise_arctique_semantic_blood_cells_dropout_pu_0_75,0_75,0.35568557578517357,0.5391649605949338,0.712481542662038,0.8967105577433608,1.0575294809400244,1.090803087773391,0.4916830164569159,0.5750731332418761,0.6865798387338546,0.9067621664913967,0.8203443312855088,1.3629345703125,1.02822265625,0.6528366851806641,0.5780745267868042,0.5578377418518067,0.7425375822198098,0.7053766764855602,0.793207791093822
220,joint_noise_arctique_semantic_blood_cells_dropout_pu_0_75,0_75,0.29922866118431557,0.5012082734018694,0.6603057410560138,0.8498835696257367,1.0443805459104938,1.0797229168514904,0.41031731287063206,0.4914623934997617,0.5893622458656119,0.7543592898550034,0.6416739501660481,1.19490234375,0.7717330932617188,0.5821776962280272,0.48131254196166995,0.4685566101074219,0.6584633130571284,0.5031620357043655,0.0466552799994128
217,joint_noise_arctique_semantic_blood_cells_dropout_pu_0_75,0_75,0.2986647005309351,0.5096238846176763,0.6704554898520755,0.8502415042470746,1.0497567405012305,1.0861493148711456,0.4071087991936268,0.49821641275743844,0.5990235993755795,0.7734679523895236,0.656125280145477,1.127626953125,0.8825885009765625,0.6273312568664551,0.5366297435760498,0.5312516036987306,0.7510231514293615,0.5392124577523507,0.0850233661084564
259,joint_noise_arctique_semantic_blood_cells_dropout_pu_0_75,0_75,0.4931924885895569,0.5820932442471187,0.6875959748562803,0.8578296046934839,1.0572680167885884,1.0952448345106105,0.6170764847933452,0.685605877046769,0.7729408263966463,0.9461963459301496,0.7596248060559011,1.2609082031250003,1.15917236328125,0.7525540161132812,0.6569471359252929,0.6279353881835937,0.8021766868911206,0.6347935801829402,0.8363212214006528
310,joint_noise_arctique_semantic_blood_cells_dropout_pu_0_75,0_75,0.34760609479781124,0.5382353090697369,0.6610486192429725,0.844834059132214,1.0330689324432138,1.0655237982379995,0.4790767926313481,0.5675375031574081,0.661306437810884,0.798835287371366,0.6800812539948186,1.1123193359375,0.895302734375,0.6494448852539062,0.5965194892883301,0.5731126098632813,0.6975604335659935,0.5278160712555373,0.1142773364180784
210,joint_noise_arctique_semantic_blood_cells_dropout_pu_0_75,0_75,0.4520526157284621,0.5603008504641015,0.6969332380932732,0.8723049099008183,1.0619960898521454,1.0986007792758044,0.5801543503763842,0.6527432421812464,0.7520729835121872,0.940602208205463,0.7494349534185282,1.3887158203125003,1.25349609375,0.7886387252807617,0.6348563575744629,0.5998740478515625,0.8043657795896164,0.6335306780141571,0.8705136189094662
256,joint_noise_arctique_semantic_blood_cells_dropout_pu_0_75,0_75,0.36571338362409733,0.5180125785705735,0.6666641632432854,0.8524812098686758,1.039368980522008,1.078726427649763,0.4905374902322995,0.5622751300108194,0.6540725764447857,0.809851211960032,0.7028814626050961,1.1854052734375,0.8323052978515625,0.6148168945312499,0.551702709197998,0.5368251892089845,0.6932813072116161,0.5556096678374036,0.1246781720405392
253,joint_noise_arctique_semantic_blood_cells_dropout_pu_0_75,0_75,0.35461342095732107,0.5594633579279695,0.6732450292518911,0.863189594972067,1.0486598812657133,1.083576124391201,0.491352457841939,0.5906960627428615,0.687487640805474,0.8485164453744151,0.7257560464123979,1.161552734375,0.985548095703125,0.7634430694580077,0.6370007705688476,0.618775262451172,0.7517731908177245,0.5764039850612138,0.4185952479810313
230,joint_noise_arctique_semantic_blood_cells_dropout_pu_0_75,0_75,0.4595336656784639,0.5595951709430208,0.6707323484353964,0.8371346429406948,1.0560611762501435,1.095213972467472,0.5825309074501219,0.6500244177852341,0.7311420170019659,0.8757855364029192,0.7162137818567961,1.461640625,1.0983807373046874,0.7567425537109373,0.603057861328125,0.6025276611328126,0.7600272041404257,0.603623692907665,0.5044517660502621
221,joint_noise_arctique_semantic_blood_cells_dropout_pu_0_75,0_75,0.3574690883324365,0.5409607990245927,0.6705647321850543,0.8524981587801526,1.0443514584424574,1.0804060850221389,0.49025990246327195,0.5754554027493964,0.6718819890897271,0.8277285345468762,0.6992203971256559,1.1771728515625,0.8319482421875,0.6689750671386718,0.6194800567626954,0.5938879760742187,0.7176864509237222,0.5413937951875626,0.2852459507741701
304,joint_noise_arctique_semantic_blood_cells_dropout_pu_0_75,0_75,0.4256995058822213,0.5771062000647832,0.700109462581921,0.8698702902980439,1.0553826246324076,1.0919467366033204,0.5743524427622024,0.6546015263290882,0.75529570886861,0.9411406667884132,0.7863960223166743,1.2998095703125,1.119073486328125,0.7297817993164063,0.6500980567932128,0.6284138671875001,0.8082673349606468,0.6939486547657944,0.8965432907404669
228,joint_noise_arctique_semantic_blood_cells_dropout_pu_0_75,0_75,0.35838407018309226,0.5188762552292066,0.6738180540055457,0.863168770972598,1.0487361333372847,1.0801437770730198,0.4764985945497178,0.5516043218794325,0.651310131666182,0.8141730837981263,0.694748044834983,1.1735644531250002,0.8444302368164064,0.5803606414794922,0.5228873538970947,0.5012401916503906,0.6788773932559862,0.5565118075235351,0.0814862485945613
240,joint_noise_arctique_semantic_blood_cells_dropout_pu_0_75,0_75,0.36759803716267925,0.5216949250982796,0.6610027528452219,0.8366157519393627,1.0440481582125605,1.0759138295190662,0.49012141862164343,0.5640678928147577,0.6562443780142779,0.7974597183301297,0.6741159366955384,1.16869140625,0.925025634765625,0.6185669708251953,0.553000259399414,0.5288086116790771,0.7533359294575521,0.5465735519860628,0.1039371373028865
311,joint_noise_arctique_semantic_blood_cells_dropout_pu_0_75,0_75,0.3616479110060027,0.5301422622011952,0.6760592456732574,0.867719959077381,1.0500441019696765,1.0837323534619676,0.4901481645254393,0.568993783440513,0.6664666748667087,0.8344601772891554,0.7191393614755587,1.2652392578125002,0.9975711059570312,0.6513314056396484,0.5606869339942933,0.5429537490844727,0.7059753448149689,0.5675683897557445,0.1944941328707623
303,joint_noise_arctique_semantic_blood_cells_dropout_pu_0_75,0_75,0.46324047625239473,0.5597409069161171,0.6690110544555767,0.8652483383313245,1.0564780914722942,1.0916685387501577,0.5854557686567304,0.6507170472641798,0.732294234915844,0.8893989400228638,0.7364268139748841,1.25884765625,0.934249267578125,0.7064877319335936,0.6173708057403566,0.6108757202148437,0.7531335183141226,0.6007681951086155,0.4968551576148192
229,joint_noise_arctique_semantic_blood_cells_dropout_pu_0_75,0_75,0.3538998563453788,0.5201049112897749,0.6694385630940544,0.8543075446548708,1.045601373594437,1.0791152812297384,0.4770041190066277,0.5536667533401086,0.6508576764954688,0.8067042061968561,0.6717348875569445,1.1823779296875006,0.9046844482421877,0.6375845336914062,0.5612036490440369,0.532733270263672,0.6860354779908023,0.5361252625235196,0.0719569747945875
239,joint_noise_arctique_semantic_blood_cells_dropout_pu_0_75,0_75,0.3947935544056236,0.5392213203613059,0.6972056798911275,0.8882371785952805,1.066535120950368,1.1021194306930693,0.5217208664874875,0.5988836688168002,0.7036563351782337,0.9007437699101369,0.768336043928565,1.2775244140625,1.1180718994140626,0.6566981506347657,0.5650561904907226,0.5571768127441407,0.7219833827947035,0.6440577439955263,0.6086189346743686
224,joint_noise_arctique_semantic_blood_cells_dropout_pu_0_75,0_75,0.3945862084510736,0.5388940821658984,0.6791418416386307,0.8746004617832726,1.055474124631193,1.0883756938733553,0.5240867263694595,0.5992318995563628,0.6956849422896476,0.8570526093053036,0.6974567392524864,1.2373046875000002,0.9526086425781252,0.6908271789550782,0.5782940769195556,0.5555408447265626,0.6830621939491524,0.5401996235138542,0.253881237911922
205,joint_noise_arctique_semantic_blood_cells_dropout_pu_0_75,0_75,0.35741211411732365,0.5241304215807425,0.6729605674971224,0.8617116335577781,1.0397935583840754,1.0720648645337005,0.4779231951582653,0.5557665955656519,0.6553418271490827,0.8149681611322919,0.6781569991717064,1.1693896484375,0.945023193359375,0.6066158294677735,0.544764642715454,0.5233509216308595,0.7007843353046559,0.5395348639998377,0.0880521392478746
231,joint_noise_arctique_semantic_blood_cells_dropout_pu_0_75,0_75,0.32740935547917616,0.539733327249704,0.6775869196742895,0.8619997385240911,1.052811016804336,1.0882117616066163,0.4515638352947492,0.5520278000657534,0.6571690126727681,0.8205292770820681,0.6996326059743969,1.261572265625,0.9233544921874999,0.6986969757080078,0.5903591918945312,0.5708665718078614,0.7206453627481832,0.5657078872218276,0.2572376151659362
211,joint_noise_arctique_semantic_blood_cells_dropout_pu_0_75,0_75,0.3153512632197817,0.5182764624857534,0.6763151718446122,0.8544747118679983,1.0465601723644002,1.0828097201810025,0.42872403834192774,0.5143672409633269,0.619880317471934,0.793999392579091,0.6707931610711276,1.179765625,0.8147302246093752,0.6167385864257813,0.5106240320205688,0.49554853897094736,0.6447590300028883,0.5274685517254293,0.1112876796332734
223,joint_noise_arctique_semantic_blood_cells_dropout_pu_0_75,0_75,0.35573894731169275,0.5221886829137722,0.6791309074958071,0.8406036605673006,1.0588329692977652,1.0985401864221693,0.4711134347517101,0.548798458235272,0.6505956593184908,0.8226603395945856,0.7023601065860887,1.2507763671875,1.0433050537109374,0.6783929443359377,0.5962017631530762,0.5553387084960938,0.6917936378963008,0.6027206720491909,0.2065819428591163
301,joint_noise_arctique_semantic_blood_cells_dropout_pu_0_75,0_75,0.345464208170597,0.48969380350560454,0.6539159944376951,0.8272548026989811,1.0366735398992062,1.0734435052749691,0.4424550884983998,0.507751578839445,0.6000349601782243,0.752456878054985,0.6578614138488443,1.0955615234375,0.8165820312500002,0.5946244049072266,0.5509594821929931,0.5418266845703125,0.6383862042277384,0.5225852952145541,0.0848248696735171
227,joint_noise_arctique_semantic_blood_cells_dropout_pu_0_75,0_75,0.33489944190660026,0.5260926438655812,0.682542188658401,0.847467624991371,1.0399664530410477,1.0752866195820434,0.4542894299116509,0.5382935047793193,0.6437780501334754,0.8206377293591637,0.71590983487159,1.1749169921875,0.8554171752929688,0.6274516296386718,0.5358810138702392,0.529437860107422,0.7089789613844538,0.6058632409063768,0.1206048989266251
252,joint_noise_arctique_semantic_blood_cells_dropout_pu_0_75,0_75,0.3991426612774376,0.5129979162748477,0.6676658632546232,0.8559567714002781,1.0492962983771763,1.0854469308253611,0.503598799228502,0.5717657138413375,0.6643754066890305,0.8207978361144304,0.6910467859894471,1.2258349609375,0.8499621582031253,0.6094548034667969,0.5379110717773437,0.5178761184692384,0.7100655080195526,0.55728945715222,0.124719655647757
212,joint_noise_arctique_semantic_blood_cells_dropout_pu_0_75,0_75,0.38489292410667986,0.5524268812606609,0.6794548470334628,0.8745056978099632,1.0540773844488454,1.085967744042642,0.5251564369991786,0.6064027709974904,0.7024836076211614,0.8722018122377455,0.7323244278513235,1.2001904296875,0.9069219970703126,0.6866015624999998,0.6043738365173338,0.5759375030517578,0.7619798721447013,0.5940256796387402,0.441219762542051
204,joint_noise_arctique_semantic_blood_cells_dropout_pu_0_75,0_75,0.5404437487286486,0.5913846583427831,0.6790203603679141,0.8394241136804695,1.0434183063893205,1.0825006246542794,0.6454602871358293,0.706131150851764,0.7847488019635529,0.9401302502655875,0.7752483238724047,1.24078125,1.000438232421875,0.7338243103027344,0.6699650192260741,0.649424951171875,0.7550548494078853,0.6538913312327815,0.7934779857146184
232,joint_noise_arctique_semantic_blood_cells_dropout_pu_0_75,0_75,0.34867382238735445,0.5334592140167834,0.6801400258852116,0.8676751930160346,1.0488792952815094,1.0846138705122692,0.4778735662753555,0.5627362303496025,0.6649089412430346,0.8305830111816166,0.6889521620402278,1.244921875,0.9685479736328125,0.7011576843261719,0.5969887447357177,0.5482710418701172,0.73169460049019,0.5490275333746379,0.2394229888976494
214,joint_noise_arctique_semantic_blood_cells_dropout_pu_0_75,0_75,0.3412541848665569,0.5225494490184385,0.6790376410696294,0.8604012608292079,1.0476030112579702,1.0822068374197316,0.46346690250829314,0.5451488353381146,0.6454445663015718,0.8213289335901761,0.6994445527784561,1.19119140625,0.9547918701171877,0.6480796813964844,0.5612206745147705,0.539155729675293,0.7541086999380644,0.5655903374552708,0.1802389940483242
308,joint_noise_arctique_semantic_blood_cells_dropout_pu_1_00,1_00,0.3328656709418283,0.532405662497289,0.6787120702708939,0.8688013792064023,1.059737775221342,1.0949313996401293,0.4591545673819504,0.5484017267784229,0.6532065334982857,0.8145305182817003,0.6913629961066136,1.24478515625,1.10439208984375,0.6904432678222655,0.5563773822784424,0.5464205200195313,0.7337925819993893,0.5491758935221804,0.0784021516700583
235,joint_noise_arctique_semantic_blood_cells_dropout_pu_1_00,1_00,0.4142785677831853,0.5427221375092403,0.6813960320874263,0.8627587536907337,1.0502203667255785,1.082074352146424,0.544594800271654,0.6159935736367501,0.7105968403933098,0.8796642092867795,0.7260621565534022,1.1694531250000002,1.0132147216796878,0.664796371459961,0.5914594554901123,0.576162060546875,0.7450013715727792,0.6030025685954865,0.1811063589905013
309,joint_noise_arctique_semantic_blood_cells_dropout_pu_1_00,1_00,0.5081959447852569,0.5810221006633405,0.6675055378765499,0.8348430574167611,1.0498773619186046,1.086568770612918,0.6212392908440653,0.681020438370998,0.7514937509335711,0.8926865906289266,0.7258670126996238,1.262890625,1.0755810546875002,0.7389017486572266,0.6657198715209961,0.6397885864257813,0.8145746282629716,0.582409658795494,0.3146668698708361
254,joint_noise_arctique_semantic_blood_cells_dropout_pu_1_00,1_00,0.39350085490150377,0.5520247107813084,0.6946693065591306,0.8947476829789008,1.0690405658410587,1.1022807933063785,0.5292007882330487,0.610168597603045,0.7140114937494438,0.9049610094205546,0.7431669041332085,1.24365234375,1.1324591064453124,0.6856607055664061,0.5990818786621093,0.5760696044921878,0.8139516741382229,0.6116776887878825,0.2187159220108884
312,joint_noise_arctique_semantic_blood_cells_dropout_pu_1_00,1_00,0.5742826832392893,0.5996793389668277,0.6846454588524822,0.8763234475479956,1.0476097541891372,1.0830710196971325,0.6647092182087389,0.7261906176953685,0.8119584400850731,1.0008733018954314,0.787957980154147,1.2902880859375,1.0899182128906253,0.7978366088867187,0.6560469007492066,0.6330515121459961,0.8626093981920236,0.6685622910734774,1.0
207,joint_noise_arctique_semantic_blood_cells_dropout_pu_1_00,1_00,0.4133389149646973,0.5241891669343939,0.689974091429741,0.8691368426475976,1.0661961249177299,1.098518597146739,0.5297016243391843,0.5997535631622267,0.699957265534604,0.8840449411908045,0.7392950683124301,1.327392578125,1.0451947021484376,0.6631260681152343,0.6098427581787109,0.5920899597167969,0.7666141659858277,0.6303957028677504,0.0755976921033941
258,joint_noise_arctique_semantic_blood_cells_dropout_pu_1_00,1_00,0.4034379555960186,0.5400697483056794,0.6814928162987167,0.8728244938713432,1.065151911804889,1.097052541719813,0.5320104274575889,0.6060555331585743,0.7025080702806495,0.8740748100555598,0.7295389536940493,1.2346337890625,0.916947021484375,0.6709818267822264,0.5790620422363282,0.5613694229125976,0.7780013849779772,0.591516884693759,0.1563246073808636
260,joint_noise_arctique_semantic_blood_cells_dropout_pu_1_00,1_00,0.5770009917032439,0.5948501946522544,0.6922418166468041,0.8788551184407347,1.0591153405064992,1.0943698608948067,0.6643952320970475,0.7285940105415839,0.820343849097602,1.0177289948674488,0.8312484903279641,1.327958984375,1.13511474609375,0.8511087036132813,0.6890463256835937,0.6561228515625,0.7857516650850204,0.7008210257506501,0.6992382208472034
238,joint_noise_arctique_semantic_blood_cells_dropout_pu_1_00,1_00,0.4663098586315755,0.569390702964633,0.6733325694079001,0.8714101956316869,1.06812389301926,1.0979384992825663,0.5961350213882017,0.6615478009039628,0.7457387823807565,0.9184938261854105,0.7554492087030606,1.2306542968750003,0.9749041748046875,0.6879421997070313,0.6188950824737549,0.600372297668457,0.8149379477450535,0.630611112854957,0.5744872921183355
305,joint_noise_arctique_semantic_blood_cells_dropout_pu_1_00,1_00,0.4364889533171663,0.5730018247797429,0.6791178378185891,0.8715190371951541,1.0484076214629645,1.0819265356561019,0.580332305288789,0.6511082918392104,0.740171835445174,0.9133629226146203,0.8363240771705445,1.175322265625,1.0069537353515627,0.7165147399902344,0.6300237846374511,0.6233805053710938,0.7718596450976233,0.7146182826371815,0.4919496892239137
302,joint_noise_arctique_semantic_blood_cells_dropout_pu_1_00,1_00,0.37071600180934183,0.5534775190235635,0.6818550576697961,0.8761991576943827,1.0583562411875576,1.0936136677260657,0.5068141935384992,0.594237272304443,0.6954493940437994,0.8588273416808551,0.7122655063437876,1.219765625,1.0533020019531252,0.7037586975097655,0.6053834152221681,0.5860477600097657,0.785661206326534,0.5656241299496472,0.1443329709105279
226,joint_noise_arctique_semantic_blood_cells_dropout_pu_1_00,1_00,0.5295528243150329,0.5881895177192493,0.6845636980427331,0.8760994133165133,1.0486100817763766,1.0838461541804176,0.6398739150428938,0.7031969144531042,0.7918572518350804,0.9814444013887567,0.8000736492407517,1.2472314453125,0.9370715332031249,0.7060085296630858,0.6453708267211914,0.6383738464355468,0.7422201932589566,0.6679126303599326,0.4554669378559263
233,joint_noise_arctique_semantic_blood_cells_dropout_pu_1_00,1_00,0.5395859591189947,0.5809369306114205,0.6693923536161619,0.8607201141377601,1.058308674924443,1.09402035526431,0.6351013361470959,0.6930269175740942,0.7664335432051885,0.9313009486628383,0.7680899843005761,1.3329833984374997,1.1566412353515625,0.7386000823974609,0.6312434577941894,0.617352734375,0.8004938164878715,0.6399090473402322,0.5115808127597089
202,joint_noise_arctique_semantic_blood_cells_dropout_pu_1_00,1_00,0.42558269793516956,0.5531941728487519,0.6918385683962079,0.8836974168089574,1.075001581975512,1.1049231626667086,0.5564320387962011,0.6296607751031621,0.7287892701103763,0.9205214478603454,0.7690136187655042,1.219794921875,1.1328350830078124,0.6973512268066406,0.600531301498413,0.5843411499023438,0.8233042180000589,0.6347307734582166,0.1554505861266779
306,joint_noise_arctique_semantic_blood_cells_dropout_pu_1_00,1_00,0.44543616120063234,0.5772998417743566,0.6956672089386318,0.8982711774711566,1.0660874729896752,1.0994394974514714,0.587387412899514,0.6617904399451495,0.759258868678897,0.9590923398649035,0.7599623304908187,1.2289892578125,1.046470947265625,0.7097697448730469,0.6280745506286621,0.6104557464599609,0.7809955467863465,0.6161603799338254,0.5559960622726919
219,joint_noise_arctique_semantic_blood_cells_dropout_pu_1_00,1_00,0.5297483472240856,0.5797241031027414,0.6932083022808307,0.8924906630473357,1.065149387612183,1.0963170018274975,0.6334981201532308,0.7002443030719226,0.7953221857983537,1.0030839755245422,0.7866058120797659,1.319697265625,1.1333489990234376,0.8276802825927735,0.6450415992736818,0.6262895874023438,0.8141022512101417,0.6712211358337045,0.8076197151240404
261,joint_noise_arctique_semantic_blood_cells_dropout_pu_1_00,1_00,0.3519801757647656,0.5476893188389154,0.689101432446186,0.8963895184423931,1.0736256664027672,1.1047743768478975,0.48361027431673564,0.5763796003446062,0.6821584725301137,0.8648348318571726,0.7175735761410486,1.26376953125,0.9064984130859374,0.6797090911865231,0.591813907623291,0.5782887878417969,0.8135761664083692,0.5775736600250571,0.1902494966488768
213,joint_noise_arctique_semantic_blood_cells_dropout_pu_1_00,1_00,0.40856570823234506,0.5648832298970977,0.7048152103292397,0.895964212595551,1.0620366017479976,1.0938591933377324,0.5528737809186166,0.633641602976837,0.7400582116836822,0.9466712093883212,0.7669878093050856,1.2728076171875,1.1591461181640625,0.8033168029785156,0.6205147171020508,0.6043550170898438,0.7685751893773866,0.6250585487036332,0.5767688219106201
215,joint_noise_arctique_semantic_blood_cells_dropout_pu_1_00,1_00,0.33488056175701786,0.5526812475102499,0.6917462532432064,0.891065941323693,1.065820041081851,1.0978045388781876,0.4637306129740403,0.5681521316021161,0.6779186438488247,0.8626489938586563,0.7335642775522949,1.20130859375,0.8861874389648438,0.7204119873046875,0.6141493225097657,0.5718726741790772,0.7991534457911613,0.5682702680220374,0.3159111605568806
206,joint_noise_arctique_semantic_blood_cells_dropout_pu_1_00,1_00,0.3208733439932985,0.5496399837623875,0.6866579986236347,0.878526609960135,1.060574143218897,1.095758385900232,0.4467211403842453,0.555013772399988,0.6658247298219265,0.8440038194741114,0.7257360533774729,1.2095849609375,0.9537756347656253,0.6835719299316405,0.5833175659179687,0.5616667724609375,0.8006996634793341,0.5707904324726474,0.2529753182814983
216,joint_noise_arctique_semantic_blood_cells_dropout_pu_1_00,1_00,0.44510024935152614,0.5664063286201824,0.6753060290331588,0.8780562575798678,1.0605952142060295,1.0938076968313386,0.5823418802357443,0.6508034451101777,0.7372536425331564,0.9107316240358979,0.7518226582088383,1.2490234375000002,1.010927734375,0.7551850891113281,0.6146657180786133,0.6049277557373047,0.7561421069040282,0.6129307667998096,0.4182716083286429
222,joint_noise_arctique_semantic_blood_cells_dropout_pu_1_00,1_00,0.4008519445778802,0.5733281680576806,0.709191097540489,0.8931085754560643,1.0535259971775262,1.0867515325069745,0.5540714522309131,0.6390273379536694,0.747340182492094,0.959351046790985,0.8565429383842507,1.3258496093750003,1.0938580322265625,0.7766099548339842,0.640748653411865,0.6135086303710938,0.7558015244433087,0.7341237300658348,0.793207791093822
220,joint_noise_arctique_semantic_blood_cells_dropout_pu_1_00,1_00,0.3285492895083735,0.524910010964776,0.6846320202252338,0.8877976349732958,1.0662650570130316,1.0967903309068914,0.4528013696179567,0.5406110497454134,0.6446600270631747,0.8279991133962488,0.6946233474454233,1.2594970703125,1.1287457275390627,0.7216166687011716,0.5534382438659667,0.5361641662597656,0.7146054883248016,0.5614801989879414,0.0466552799994128
217,joint_noise_arctique_semantic_blood_cells_dropout_pu_1_00,1_00,0.318326787717524,0.5371260245431723,0.6999405700209177,0.8945529419780525,1.059018977083807,1.0909019102106485,0.43864811915912116,0.5401869902450374,0.6520287875886026,0.8519696953699033,0.7129165628482939,1.223779296875,1.0446221923828125,0.6685204315185546,0.5775627899169922,0.5612360107421875,0.7662089706991664,0.5876256032231395,0.0850233661084564
259,joint_noise_arctique_semantic_blood_cells_dropout_pu_1_00,1_00,0.49722969373397063,0.5873839838743811,0.6912451733757263,0.8776906326650121,1.0633338645652488,1.0990045204998382,0.622922265061082,0.691844699723271,0.7815923447109153,0.9704627678435441,0.7671920354187253,1.2394189453125,1.0311624145507812,0.7698168945312499,0.642220811843872,0.64015361328125,0.827152098368033,0.6328591483347946,0.8363212214006528
310,joint_noise_arctique_semantic_blood_cells_dropout_pu_1_00,1_00,0.3683336991962278,0.5604115917274346,0.6916817405203636,0.8975945991307782,1.0679693624394242,1.099061781474144,0.5085154104074284,0.6015025496463762,0.7054773747873313,0.8886064891254839,0.7468055499399,1.2721630859375,0.9351776123046875,0.6761779785156249,0.6232643508911135,0.6099312744140628,0.7768414727360645,0.5800598775798104,0.1142773364180784
210,joint_noise_arctique_semantic_blood_cells_dropout_pu_1_00,1_00,0.4655184123912477,0.5702310074852206,0.6967629233766485,0.8815166621103039,1.0614946647817194,1.09511395851691,0.595790359583912,0.6676949776394164,0.7656825729330765,0.9609531034267282,0.7619523783227139,1.2888720703125003,0.987664794921875,0.6974197387695313,0.6343884086608886,0.6282595825195313,0.8145533601824718,0.6373765256797777,0.8705136189094662
256,joint_noise_arctique_semantic_blood_cells_dropout_pu_1_00,1_00,0.3894753376371227,0.5469721394110098,0.6998889641525531,0.889185919146287,1.0551694800282565,1.0865884018231124,0.5252063783297247,0.6044964299112998,0.710672477538715,0.9051865522692037,0.7582128883930029,1.220576171875,1.063343505859375,0.6781825256347657,0.5975148582458496,0.5849828430175782,0.750133450296804,0.6230704218166233,0.1246781720405392
253,joint_noise_arctique_semantic_blood_cells_dropout_pu_1_00,1_00,0.36012043564551277,0.5639960590777682,0.6861132047127458,0.883438395480158,1.061746549518937,1.0949597124747092,0.4992553595853392,0.5988137955533017,0.7001401241694656,0.8808767387494776,0.7879397408889754,1.2060351562500002,0.97619873046875,0.7389782714843749,0.6547302913665771,0.6234152526855469,0.7839814076810367,0.6427868653405431,0.4185952479810313
230,joint_noise_arctique_semantic_blood_cells_dropout_pu_1_00,1_00,0.46785828527936246,0.5688486322156086,0.6776716861259477,0.8486784932555305,1.065000763026266,1.1010217554161703,0.5937365570881439,0.6630364232864503,0.7460385702086088,0.9029605478572925,0.7304795742846777,1.4055859375,1.0011920166015629,0.7354046630859375,0.6210192656517028,0.6002490768432618,0.8165099417130115,0.6115295980383489,0.5044517660502621
221,joint_noise_arctique_semantic_blood_cells_dropout_pu_1_00,1_00,0.384168392396532,0.5650804345690509,0.6936286224287865,0.8868399779881465,1.064568767124432,1.098738730224366,0.5279880254306663,0.6165694980465027,0.7196503065369412,0.9075147821342207,0.7477429186535179,1.2347265625,0.9879010009765623,0.7284312438964844,0.6554674530029296,0.6351475708007812,0.8020450540732967,0.5788049420701094,0.2852459507741701
304,joint_noise_arctique_semantic_blood_cells_dropout_pu_1_00,1_00,0.44318158374517225,0.5947001432701496,0.7034661993110108,0.8948603455465193,1.0813114961525176,1.1138528186183625,0.5973998381539827,0.6770039904391195,0.777648325282827,0.9868049955516861,0.812161892648383,1.362294921875,1.21876953125,0.771446533203125,0.6904003524780273,0.6632672195434571,0.8448131614062845,0.7117267661973629,0.8965432907404669
228,joint_noise_arctique_semantic_blood_cells_dropout_pu_1_00,1_00,0.3934368859481765,0.5380906670423956,0.6895306685701093,0.8781763471391112,1.0528995498239702,1.082761831239958,0.5221450883992723,0.5980802053359872,0.6995768080425139,0.8781763471391112,0.7401655347619797,1.21255859375,0.9209057617187502,0.683919677734375,0.5880034494400025,0.5490369201660157,0.7187421016828218,0.6079044353910397,0.0814862485945613
240,joint_noise_arctique_semantic_blood_cells_dropout_pu_1_00,1_00,0.3904788988729706,0.5410528357853673,0.681052691837377,0.8740439219520074,1.055128224857737,1.0885333687259515,0.5226030960058481,0.5988279663413683,0.6961441140926183,0.8654507810415952,0.7137975047439833,1.1539404296875,0.8935171508789064,0.6473805999755858,0.5825398921966554,0.5679986938476562,0.7755691945150643,0.5810651147154752,0.1039371373028865
311,joint_noise_arctique_semantic_blood_cells_dropout_pu_1_00,1_00,0.39262343061272986,0.5604174052141239,0.7037601685157862,0.8898258437247577,1.052270432952178,1.0855438573957612,0.5316895269578503,0.6165078180403999,0.7246049799845534,0.9221811184361057,0.7693135639982704,1.1608154296875,1.101710205078125,0.7558033752441407,0.6216145896911621,0.5930119628906251,0.7495944416159354,0.6224857059795081,0.1944941328707623
303,joint_noise_arctique_semantic_blood_cells_dropout_pu_1_00,1_00,0.48082545632496476,0.5737099162679283,0.6818786383354917,0.8830170528069369,1.0665334222393312,1.1014456478923091,0.6054734224714585,0.6722883261051059,0.7604090102742992,0.9444890169536099,0.7788637204753805,1.37228515625,1.130828857421875,0.7393897247314453,0.6548363208770751,0.6181569641113281,0.7881787358533949,0.6504046441668846,0.4968551576148192
229,joint_noise_arctique_semantic_blood_cells_dropout_pu_1_00,1_00,0.3853969555639196,0.5527133829024894,0.6951877366852912,0.903157570729274,1.0687409085708681,1.09873263797505,0.5229520106277026,0.6060223383177156,0.7100850906905595,0.9018606748600835,0.7313720730925116,1.243056640625,0.991173095703125,0.7073265838623048,0.6140326690673829,0.587514111328125,0.8144847449181869,0.5882997774179897,0.0719569747945875
239,joint_noise_arctique_semantic_blood_cells_dropout_pu_1_00,1_00,0.45631509773375,0.590053966047871,0.7253369710464533,0.9202766052470033,1.083291468743843,1.1172068760084861,0.6017675865311669,0.6844357151384568,0.7979749143051748,1.0331568869500705,0.852582506241345,1.358515625,1.24912841796875,0.8871624755859375,0.6838703918457031,0.6474567993164062,0.7978958229386139,0.7255307676203065,0.6086189346743686
224,joint_noise_arctique_semantic_blood_cells_dropout_pu_1_00,1_00,0.41954424554569414,0.5601997235028697,0.6970539077399616,0.8975018247628126,1.0613152076661136,1.0919598351792628,0.5571427945488848,0.6341135119043932,0.7359325812114933,0.9296970701263108,0.7381591420192283,1.26830078125,1.0453948974609375,0.7279861450195313,0.6328105831146239,0.6157432250976562,0.774991759458716,0.5864496148074024,0.253881237911922
205,joint_noise_arctique_semantic_blood_cells_dropout_pu_1_00,1_00,0.37963017710717395,0.5413689391552102,0.6894761963270788,0.8905933184814707,1.0482242349217594,1.0784083229486197,0.5095789179198993,0.5900701244794607,0.6930264703339003,0.8743736453172637,0.7123763452879752,1.1336230468750004,0.928775634765625,0.6504941558837891,0.5826835441589355,0.5606538887023926,0.8116145054937893,0.5731080580859383,0.0880521392478746
231,joint_noise_arctique_semantic_blood_cells_dropout_pu_1_00,1_00,0.3500998698582407,0.5636103138974737,0.7025035579353126,0.9118949351573374,1.0677779367494016,1.0984997047908232,0.48358104807562136,0.5900107912331422,0.7017030894416828,0.9030764232112899,0.7487273084199397,1.267216796875,0.9950183105468752,0.7133210754394531,0.6388142967224121,0.6240547851562501,0.8078711591511436,0.6075701582469579,0.2572376151659362
211,joint_noise_arctique_semantic_blood_cells_dropout_pu_1_00,1_00,0.35634254007891286,0.5512905793482006,0.6988659969625206,0.8893622448370396,1.0724968026180195,1.1051751028379146,0.48890970710457815,0.5825279686338534,0.6916717550636482,0.8884750955207739,0.7460277140511871,1.206435546875,1.1157916259765628,0.7415402984619139,0.6032995557785032,0.573866293334961,0.7719157001877172,0.6017068230993973,0.1112876796332734
223,joint_noise_arctique_semantic_blood_cells_dropout_pu_1_00,1_00,0.38458400761010125,0.5400009501467937,0.6919702185113608,0.8585747099985229,1.0666073199364503,1.1018413216420535,0.5120237235635476,0.591021471839412,0.6946327156110765,0.8777969099170312,0.7411182978054299,1.19419921875,1.0253570556640625,0.6960417938232422,0.6103257751464841,0.5724977294921876,0.7459895465416687,0.633304188270646,0.2065819428591163
301,joint_noise_arctique_semantic_blood_cells_dropout_pu_1_00,1_00,0.3926719165392569,0.510674376352927,0.6880615787022644,0.8894278553744717,1.0699157819082319,1.1040159744286266,0.5021063404630133,0.5705200455149516,0.670104080428309,0.8575532310505573,0.7241528578857791,1.2393994140625002,1.09081298828125,0.704562530517578,0.5629139804840088,0.5511613586425781,0.7756143020026127,0.59726611879126,0.0848248696735171
227,joint_noise_arctique_semantic_blood_cells_dropout_pu_1_00,1_00,0.36591180200048257,0.5523387714249528,0.6969072598787476,0.8746610917987826,1.0617953471040495,1.09546330120334,0.5010753190159157,0.5908894241542766,0.6983995038920083,0.8902891008884699,0.7683125037514313,1.293115234375,1.1292474365234377,0.6909597778320312,0.6073299789428711,0.5782727050781251,0.835887389628212,0.6573568410839242,0.1206048989266251
252,joint_noise_arctique_semantic_blood_cells_dropout_pu_1_00,1_00,0.44196135629317723,0.5403881461283453,0.6962151893816981,0.8836781711780646,1.0614946123099285,1.0942469347088661,0.5555603769996548,0.627553290535783,0.7288804602832903,0.9221071831729669,0.7524867891089252,1.2631005859375,1.0663665771484374,0.673697814941406,0.5963116645812988,0.5819939941406249,0.7818080795843093,0.6325744822654672,0.124719655647757
212,joint_noise_arctique_semantic_blood_cells_dropout_pu_1_00,1_00,0.3995043972063286,0.5638697556001409,0.6907214716803795,0.8982219009796819,1.071791445444653,1.1039108745821185,0.5439034977754654,0.6254386984502781,0.7248406149050239,0.9180351210304439,0.7985093562570305,1.293173828125,1.1714312744140625,0.727738800048828,0.6278314971923828,0.6080250762939452,0.8000922565714933,0.6587589448013308,0.441219762542051
204,joint_noise_arctique_semantic_blood_cells_dropout_pu_1_00,1_00,0.5397556209481991,0.5921279728520439,0.6831852757369938,0.8548841865695253,1.0505317523553135,1.08574701843667,0.6462671252842689,0.7087002192817436,0.7895435262971533,0.9637513282561122,0.7956981382098209,1.2183349609375,1.045601806640625,0.7120085144042969,0.640491828918457,0.6251716308593749,0.7869626284855691,0.6689996132107526,0.7934779857146184
232,joint_noise_arctique_semantic_blood_cells_dropout_pu_1_00,1_00,0.36777896413696,0.5463148634571894,0.6952717105911251,0.8991779999104218,1.0657648363253975,1.09723105313501,0.5041166315062728,0.5898838801286703,0.6952717105911251,0.884592636790728,0.7197857122064685,1.344150390625,1.1138006591796876,0.6985967254638671,0.6090132713317871,0.5812925537109375,0.7824171992610857,0.5774633660042873,0.2394229888976494
214,joint_noise_arctique_semantic_blood_cells_dropout_pu_1_00,1_00,0.36685474435216747,0.5517834966964188,0.7128515457360854,0.9122610729936473,1.082775657391749,1.1128093012730143,0.5029411114893874,0.5921392082636028,0.7047118628591607,0.9218519140312726,0.7564458161693824,1.357705078125,1.1764270019531253,0.7368965148925782,0.6059765815734863,0.5896686889648437,0.8059752874413386,0.6208451369713093,0.1802389940483242
